Laser Power (W),Scan Speed (mm/s),Beam Diameter (mm),Cooling Rate (Â°C/s),Shielding Gas Composition (%),Melt Pool Intensity (mm),Melt Pool Width (mm),Defect Type
249.8160475,96.28323221,1.023411367,1172.702994,57.19958783,0.651089728,1.366862517,Uneven Surface
480.2857226,185.4752368,0.993957598,1296.681397,80.54323293,0.762809923,0.510295452,Porosity
392.7975767,268.236459,2.312509161,750.4678988,76.01609298,1.29636635,1.770310214,Uneven Surface
339.4633937,233.0562216,0.9990924,1124.8741,15.38999047,0.57600614,1.30360923,Uneven Surface
162.4074562,251.640287,1.043899452,1071.745983,14.92494697,1.317509559,0.48296699,Porosity
162.3978081,214.6958417,2.018796525,1332.830377,26.81743677,0.223388203,1.932208503,Porosity
123.2334449,223.0691411,1.399479685,1406.08706,36.10747263,1.187517812,1.133057834,Uneven Surface
446.4704583,262.2989129,2.053421114,512.1567715,40.84555814,1.286566686,0.331217213,Uneven Surface
340.4460047,112.4170022,0.630732315,1174.019919,67.96972168,0.354544714,1.328299228,Porosity
383.2290311,172.3562409,1.475142387,551.8357991,5.668043217,0.702485145,0.655758033,None
108.2337977,105.3023605,0.5672272,1048.858665,3.467270423,0.331699685,1.646648213,Porosity
487.9639409,296.917002,0.625306407,787.632729,39.19105629,1.089245781,1.672079732,Uneven Surface
432.9770563,286.0148349,2.312874907,806.7765995,69.71636921,0.849486875,1.962105241,Uneven Surface
184.9356443,59.85670284,0.778490742,852.9585035,19.3435343,0.989452685,1.103365156,Uneven Surface
172.7299869,226.3937931,1.564841365,1121.292449,64.15044813,0.375081754,1.018922384,Porosity
173.3618039,281.3120794,1.322191205,834.0499657,25.98281379,0.396444207,1.55625609,Uneven Surface
221.6968972,95.14383628,1.194686653,1232.699051,88.60861088,0.158096256,0.438447181,None
309.9025727,191.9863076,2.299666691,904.5273856,89.56899443,0.550894549,1.184447925,Cracks
272.7780075,278.8720744,0.543646794,568.3532003,29.72872043,0.883642526,1.18324568,None
216.4916561,58.48649465,1.827579372,1283.759842,22.9993754,1.30110888,0.361051621,Porosity
344.7411579,224.3550668,2.426788868,785.7583246,41.13039721,1.033698426,0.952371354,Uneven Surface
155.7975443,124.3372518,1.620336367,932.7668796,24.05315852,0.709554853,1.735912637,Porosity
216.8578594,281.0990488,2.373644924,1185.443883,67.23838433,1.43436816,1.74107652,Cracks
246.5447373,292.7645613,0.604515759,832.4561571,82.60646845,1.106943281,0.378627797,Porosity
282.4279937,286.0666223,1.337586638,556.5856561,67.30921309,1.402231284,0.363297589,Uneven Surface
414.0703846,168.5535542,1.020315582,873.921047,82.43504472,0.838623163,0.672851859,Cracks
179.8695129,265.5106627,1.96164193,1444.448583,39.69921622,0.462465985,1.774578913,Cracks
305.6937754,261.1373496,2.462594181,1141.734397,15.63169707,0.173957361,0.432024653,Uneven Surface
336.9658275,129.7751183,1.013060125,1171.479149,73.79509474,1.116518792,1.495994245,Uneven Surface
118.5801651,257.2288685,1.808349203,1132.282154,36.04745051,0.269824197,0.382098115,Uneven Surface
343.0179408,59.25190868,0.896195266,698.992139,67.12708252,0.52388518,1.321648137,Porosity
168.2096495,199.0674696,1.630660509,918.3338641,27.0643942,0.845459271,0.840921138,None
126.0206372,107.5022093,1.427864973,1250.939798,8.122963481,0.890183223,1.620045133,Porosity
479.5542149,80.14172144,2.444010659,601.3728976,99.25817955,0.940816476,0.620642808,Porosity
486.2528132,69.23830041,1.717054545,777.8527761,15.62015079,0.332757462,1.350563293,None
423.3589392,224.072194,1.199012744,776.3191085,98.8420994,0.631632367,0.624228562,Uneven Surface
221.8455077,134.9687409,0.72819157,932.0189276,97.72799326,0.964071918,1.48458851,Uneven Surface
139.0688456,231.1916929,0.802493657,1480.368741,79.38181039,1.45774641,1.772620462,None
373.6932106,66.3390852,0.95063386,567.5025467,65.94229621,1.118683593,0.428243238,None
276.0609975,128.8225845,1.001933323,1018.700994,57.78070503,1.39164526,1.759872239,Porosity
148.8152939,184.8728231,2.201232116,679.364682,86.61015454,1.167096882,1.268435458,Cracks
298.070764,247.6807912,1.622445577,1470.676545,28.94395216,0.928403756,0.428798884,None
113.7554084,129.6881257,1.546781823,613.3035047,46.76812125,0.368832717,0.96957534,Porosity
463.7281608,206.4728441,0.729537744,903.6010024,61.93899694,1.033359913,0.489548528,Cracks
203.5119926,271.4944371,2.220279387,1237.884985,41.11904759,0.972731392,1.4606262,Uneven Surface
365.0089137,203.965797,1.945628606,1204.554428,42.74864541,0.943456839,1.565962642,Uneven Surface
224.6844304,108.2398687,0.635336724,922.7286369,33.02846675,0.785700215,0.390433736,Porosity
308.0272085,56.10019539,1.915670194,846.524168,56.42318167,0.840119246,1.111051735,Porosity
318.6841117,267.5247185,1.587076435,897.6123786,85.0574528,0.568219538,1.666325101,None
173.9417822,55.31735271,0.663450691,764.2762632,20.1528378,0.82703777,1.885093475,Uneven Surface
487.8338511,268.6754182,1.416601283,705.3329387,93.44330388,0.376578268,1.12433216,Porosity
410.0531293,182.2342835,1.469392574,983.0396976,68.90876537,1.227244156,1.910502603,Uneven Surface
475.7995766,284.7669246,0.83154908,768.5337561,82.32732127,0.360087737,1.164240147,Uneven Surface
457.9309402,249.6958089,2.391396294,787.4616649,55.61906926,0.218952806,0.90954289,None
339.1599915,299.4835276,2.199950743,1156.756063,77.95167014,0.710744437,1.726765631,Cracks
468.749694,137.6779539,1.838044675,1468.537332,1.620039734,1.021630415,1.087368879,None
135.3970008,241.7970722,1.424591122,1103.637201,81.83804248,0.712803555,1.049424519,Porosity
178.393145,150.4827284,1.323531083,576.9794671,4.013885909,0.487455785,1.082562481,None
118.0909156,169.9689051,1.801946934,575.5836139,88.99133764,0.881439657,1.724213003,None
230.1321323,206.8763658,1.590863739,1451.423221,99.19627472,0.58580327,1.697494775,Uneven Surface
255.4709159,268.4192785,0.624546212,797.2907903,29.40674622,1.406014766,0.926335986,None
208.5396127,296.0208673,1.525005298,592.0669861,21.03185563,1.391703195,0.799939748,Porosity
431.4950037,242.0683535,2.112807234,1099.044587,76.53633639,0.803320548,1.085470443,Cracks
242.7013307,154.4416955,1.418479755,1123.648778,25.30263409,0.559037592,1.230990518,None
212.3738039,155.3392506,0.603913155,1148.50482,86.55623832,1.13198538,0.629006979,None
317.0784333,234.3955754,2.072556399,767.4020279,10.28425922,0.151398121,1.629119152,Cracks
156.36969,109.6942864,0.902727564,515.1106842,12.59551964,0.764676608,1.075668978,Porosity
420.8787923,77.61852828,1.01724167,1465.015369,97.91515551,0.570852752,0.801281987,Porosity
129.8202575,138.6555394,0.829412707,750.8930457,67.38388983,1.388750239,0.392277787,None
494.7547746,121.8097479,1.16043013,1176.026288,84.68872244,0.116804238,0.629921289,Uneven Surface
408.8979077,124.0770301,2.013503011,1206.62987,32.43293774,0.873940826,1.908706109,None
179.4862726,108.4019378,1.538771719,1110.007417,67.64837495,1.136929013,0.749179436,Cracks
102.2088468,60.52329741,0.909762548,812.9073942,59.42418273,0.779025183,0.503946721,Cracks
426.1845714,54.46848368,2.255660156,771.0962538,60.31501201,0.219564242,1.029211025,Cracks
382.7429375,296.9305974,2.25916371,1097.668283,68.25324595,1.461445946,0.752757938,None
391.6028672,156.9432834,2.24115685,1366.095634,57.53591731,0.825214604,0.26328665,None
408.5081387,146.0816618,0.977592423,1446.733729,42.90623693,0.959860742,0.781661391,Porosity
129.6178607,219.9118207,1.402478688,605.9058044,27.59226944,0.431253696,1.179395523,Uneven Surface
243.3862914,104.563472,2.469979312,654.8286126,76.85813309,0.776897319,1.19308227,None
146.3476238,287.490296,2.044024953,1444.736259,22.627243,0.700809289,0.841806058,Porosity
445.2413704,246.5862536,0.554334842,1236.535228,69.23543062,0.204854179,1.005144961,None
349.3192507,72.35275058,0.630409183,1382.993825,23.33328226,0.248624495,1.937932253,Porosity
232.3592099,154.3951939,1.427862754,702.6326341,62.533017,1.272461527,0.879227259,Porosity
125.4233401,269.7795769,2.318440412,1087.585871,74.70782671,0.435747933,0.664808264,Uneven Surface
224.3929287,286.1830056,1.577403596,1201.139594,21.87138889,0.37294158,0.638240679,None
230.0733288,166.8503778,1.495625016,1180.111885,5.994330086,0.806876032,1.023976303,Porosity
391.8424713,203.3528473,0.7109474,908.1516909,13.0973743,1.176245984,1.567136268,Cracks
355.0229885,91.75848652,1.813560209,515.3948917,60.59969673,0.186725126,0.570778732,Cracks
454.885097,297.7921565,2.144206321,1082.926057,84.94464062,0.907531087,1.476733029,Cracks
288.8859701,107.9179253,1.260840015,753.1015392,4.499682124,0.26689462,0.238069682,Uneven Surface
147.8376984,285.6829435,2.051223702,950.2542461,73.4151259,0.151045471,0.95407936,Porosity
385.2979149,212.4116622,2.428953308,1457.581015,34.1318646,0.173841533,1.596557117,Uneven Surface
404.3140194,201.9341987,0.907532918,899.0353176,47.85283699,1.267829751,0.80971932,None
324.510879,178.1721278,1.546659262,1339.801607,92.88595498,0.265161477,1.214726783,None
408.386872,107.6674529,1.074275916,688.5406057,33.19715047,0.16321191,0.568962619,Porosity
297.5182385,94.132008,2.085708838,1172.460498,46.53369339,0.713059842,1.535591704,Cracks
309.0931318,105.1215523,1.655186732,1477.006954,1.368241476,1.281590861,0.294102386,Porosity
271.0164073,96.60956554,1.769164835,601.8931009,8.159872,0.467371727,1.734576761,Porosity
110.1676507,244.8961184,2.095828319,508.3199422,25.85915911,0.690397665,0.556753496,Porosity
143.1565708,137.5313148,1.291940945,933.5827926,2.785224082,0.155891546,1.773916457,Uneven Surface
112.5716743,64.46066914,2.330180137,592.6254831,63.1375326,0.72870992,0.834552634,None
354.5641645,292.2756575,1.566057734,1248.38435,42.63983568,0.908658313,1.500830434,Porosity
225.7423924,270.9464712,0.815909646,1414.548664,54.81452027,0.899269875,0.774605536,Porosity
303.4282765,281.9380708,1.891798236,934.0209727,17.46471859,0.565397369,1.830641008,Porosity
463.0265896,298.7269557,2.086522701,758.7116422,29.59320294,0.541746453,0.427946826,Uneven Surface
199.7168917,93.4738123,1.133523354,934.403319,66.38244749,0.249273067,0.521335621,Uneven Surface
264.1531692,149.0605047,2.214358514,1223.447818,96.53027236,0.613517649,1.087454225,Uneven Surface
402.2204554,239.5596189,2.31228651,509.0541616,5.04167736,0.239292536,0.34748919,Porosity
191.5192662,224.0051545,1.053808975,1089.453989,89.03843209,1.173234323,0.552764332,Cracks
130.7919639,88.47397658,2.467042945,1113.291685,57.68812013,1.452784017,1.898779488,Cracks
215.9005812,253.9582812,0.781423056,1137.688247,56.39195668,1.458104239,1.95768139,Cracks
164.4885149,106.110143,0.904031337,742.02208,50.02785352,1.311099539,0.877266793,None
471.8790609,105.9544037,0.868449678,1214.052723,6.93940859,0.941109009,1.861914838,Porosity
423.2481518,184.2436057,2.28797942,591.3914863,8.987685174,1.081211976,1.180684416,Cracks
353.3615026,198.2349837,1.808585105,699.2703365,60.09120057,0.499288124,0.685536439,Cracks
448.5842361,195.021552,0.804208566,1377.470047,34.09585714,0.983078588,1.464317698,Cracks
421.4688308,72.87170935,1.380646837,1238.723151,91.72680666,0.737909369,1.386023252,Porosity
174.6280236,269.3652157,1.73059605,513.745554,40.65905374,0.774824276,1.980425574,Cracks
457.0235994,116.4000106,0.66692817,748.3762604,14.32814587,1.160887185,0.677085117,Cracks
315.7368968,82.37873032,2.264832737,714.406483,71.47188335,0.494685698,1.409707105,Porosity
422.9760621,272.18702,2.107207071,770.806328,29.33534214,0.545255456,0.293642759,None
458.43652,288.9128746,1.510413547,747.5597703,52.54703074,1.394498508,0.40456287,Uneven Surface
227.20139,265.5319043,2.434253231,562.5262957,69.78327855,0.178714013,0.207053075,Cracks
144.0207698,252.3790187,1.335521959,958.9405166,90.02641112,0.779888018,1.999029226,Uneven Surface
191.174065,213.8104952,2.468220638,1232.733475,79.21911948,1.377921121,1.644092655,None
270.8431155,187.7143427,1.835839998,1106.731725,67.63610679,0.954508211,1.616101427,None
427.2059064,71.74668998,1.769342547,1172.871669,67.96331824,0.864969904,1.117506936,Cracks
444.2922333,152.1133033,0.831909791,581.1491785,94.5924644,0.449641851,0.740120749,Porosity
102.7808522,143.1721293,2.263855517,1451.49071,29.58240975,0.580585685,0.472275712,None
304.298921,114.9384459,1.354979376,1338.491834,0.11120942,1.292867782,0.71241453,Uneven Surface
266.9644013,230.8550284,0.824466812,1305.090318,27.19545594,0.882905384,0.876748199,Uneven Surface
188.8431242,173.9689338,0.52521504,1322.983805,21.78913796,0.820639071,1.561358175,Uneven Surface
147.9461469,70.26155398,1.619511367,1432.710508,66.18345851,0.239411599,1.17139122,Uneven Surface
235.0460686,105.0458005,1.554799244,1044.253966,63.37115998,0.122439419,0.339470528,None
477.1638816,220.8146909,1.938707245,700.2820179,59.34613827,1.449159264,0.232452216,Cracks
229.2811728,69.03271487,2.280516106,1116.783608,1.624344321,0.627780634,0.384197923,Cracks
307.5162487,262.8017285,0.658813169,1242.881494,72.87780545,0.944498287,0.938897685,Uneven Surface
381.2075836,173.7866318,1.962992981,1237.917393,32.35304125,0.211601102,1.879747251,Cracks
245.451841,170.1466443,0.874823888,1021.449024,66.5055989,1.05636,1.347324466,Uneven Surface
488.7128331,198.1019462,2.216354106,568.4587193,55.65784285,1.405593392,1.64328662,Uneven Surface
484.978918,256.1702415,2.138127028,871.1129384,34.27309254,0.905931354,1.03947427,Porosity
200.7129183,136.952302,1.58158751,1420.766608,13.45762671,0.276561451,0.85099895,None
298.8994024,219.5040381,1.920485597,1084.44891,9.441889766,0.914410138,0.395120671,None
220.3513239,191.432991,1.128700226,1038.331943,83.15183331,1.172886098,1.77667944,Uneven Surface
213.9361978,116.7570675,1.442335798,768.8535144,91.83975421,0.668983151,1.609688052,None
114.7547789,269.6574966,2.143273795,868.4489199,64.97880468,1.331772847,0.502612576,Cracks
343.8257336,249.3565054,1.418530394,1395.346089,10.34341149,1.008156135,1.122069015,Uneven Surface
301.0716093,214.6129587,1.215596531,1166.463048,40.20272169,1.358948486,1.077274654,Porosity
120.5915005,262.6454323,1.488424895,1287.387027,72.89392001,0.972907436,1.325164795,Cracks
211.4585857,266.8235502,2.156498505,954.3454231,77.9820884,0.283803161,1.903136409,Porosity
463.3063544,227.0907442,1.170416095,1130.247219,11.82186223,0.533568396,1.243588595,Porosity
195.8247563,259.2533321,0.847523186,748.3836087,0.003071885,0.382512928,1.17239108,None
157.9579488,224.3678654,1.924028041,1205.46083,71.21370459,1.372357097,0.290581279,None
295.7811041,220.0351929,2.151956425,927.6013337,35.6596176,1.164560094,0.313233457,Uneven Surface
494.2601816,204.6528446,0.701274957,942.5455148,25.44813316,1.046957716,0.537224224,None
196.8221086,238.1791599,0.979748226,1149.322325,1.289746979,0.521352847,0.258447389,Porosity
368.854219,89.65127632,0.78394398,1436.280621,54.02994068,0.357662681,1.538035212,Porosity
404.6478461,270.2176898,1.195882823,564.0063466,85.11507354,1.159031523,1.501994547,Cracks
195.0550176,267.9608819,1.400701958,1324.743237,95.76316463,0.763821124,0.444901222,Porosity
391.2865394,57.31182076,1.997652674,792.3831104,56.57449506,0.416105373,1.704942021,Uneven Surface
247.1132531,256.4541876,1.80229517,943.9194545,51.44613277,0.963270769,0.478614863,Uneven Surface
352.9223322,82.21746687,1.741857135,521.9133288,8.505638549,0.156467393,0.742116057,None
353.4118843,133.7797136,1.204749893,801.0460778,54.88728015,0.556638356,0.648158418,None
314.3098736,235.8770641,2.182895106,1002.631243,37.9979079,0.755979792,0.870152777,None
136.115908,90.18997401,1.442574335,556.1760773,60.71352809,0.307141668,0.658394779,Uneven Surface
434.1209982,254.491756,2.458209876,991.0957294,38.87263479,1.478516269,1.080111668,Porosity
228.312026,258.0335445,1.768284277,1427.110629,24.02991235,0.39273631,0.933334186,None
174.6074042,176.8669334,0.752529483,605.3932181,9.496527523,0.282494382,1.975825083,Cracks
116.3100566,51.59646793,1.852355124,1264.440728,31.49184446,0.384948823,0.30066743,None
336.3571773,121.7595333,1.150208031,909.6710534,9.664483429,1.176685586,0.455926477,Uneven Surface
371.0257447,204.2317296,1.872654393,1155.173715,17.68969508,0.695707923,0.295086609,None
106.6351316,295.2965445,0.639282296,760.236598,98.73361586,0.891582316,1.326514151,Porosity
304.8372233,207.9533818,0.849762874,659.4922625,44.41035569,0.12941282,0.298116699,None
190.5983101,114.9508953,2.211474518,660.4626143,53.18717665,0.148203832,1.705591527,Uneven Surface
358.0691162,208.5014258,0.954359114,570.4919456,87.36185287,0.72415577,1.121489535,Uneven Surface
169.7465716,184.9963449,2.17408225,685.6467049,99.55689005,1.24331734,1.148613724,Cracks
376.3750952,244.9613488,1.058552177,1164.219385,58.27144493,1.33933443,1.210870114,Uneven Surface
254.6941385,76.74515971,1.78576382,1381.690612,81.2473821,0.221389195,0.507464671,Cracks
474.6919955,240.2569756,1.888301147,1314.125686,32.69410243,0.853708343,0.555842546,Porosity
155.0083777,185.3166447,1.525309506,1185.13431,30.57439574,1.378521561,0.773871181,Uneven Surface
236.4265404,290.748001,1.110621353,610.4318634,40.2703721,0.643161856,1.268293548,None
145.3894085,135.4680415,0.925288753,789.1874463,67.25072627,1.261392164,0.578211997,Porosity
469.8774473,208.1554733,0.566378709,809.8068753,68.21916893,0.287173916,0.409397109,None
450.9357414,283.0070264,1.107892802,749.9569464,31.52394346,1.409552286,1.946210396,None
203.1766511,75.627432,1.806325581,1015.00566,13.32099241,1.151992645,0.239567267,None
363.9936184,284.3071218,2.376609637,1035.553815,63.23962565,1.41786815,1.64485533,Porosity
426.8888801,221.9714306,2.242408965,856.8859752,12.83258622,1.047264127,1.618463269,Porosity
322.0803246,66.95926478,2.032129553,853.7891587,57.84925082,0.608765505,0.734985405,Uneven Surface
311.8602313,125.2408917,2.076894687,1328.555598,69.34221281,1.413453642,0.444127909,None
196.7409164,227.0430222,1.829969807,1289.292848,70.06114964,0.485793487,0.462131564,Cracks
137.2411071,66.83765037,1.020573715,807.7958317,75.34721107,0.565041531,1.455376911,Uneven Surface
458.8863032,195.542615,2.314390061,1413.788444,87.28594216,1.081131785,1.357051864,Porosity
460.1672229,136.4707642,1.841464624,1452.815017,49.9958992,1.171442819,1.608942214,Cracks
353.2405829,205.2288794,1.620881262,826.742542,73.02491895,1.401164877,1.88746611,Porosity
235.6119164,61.43550845,0.721978938,854.4249488,61.91727354,0.386723373,1.445469254,Cracks
239.6838298,267.8842015,1.394111088,1005.634153,18.66399398,1.217197249,0.480532766,Uneven Surface
390.3822715,293.3722423,1.420716542,1441.120813,2.568964487,1.133964475,0.63819671,Cracks
458.844104,292.2194638,2.229127219,1376.319433,28.45413857,0.189312379,1.715948716,Uneven Surface
454.8345697,237.4129579,1.59329644,602.5679626,44.30337063,0.642112398,0.576750937,Porosity
411.9502183,82.52156003,1.260801098,892.7307433,61.71059444,0.49587164,0.330540171,Cracks
356.8126585,239.565799,2.453600657,1053.37119,84.99593305,0.526286594,1.465904097,None
133.655986,56.14672911,0.721441187,1003.132473,19.62457167,1.476125631,0.92454744,None
164.6514856,55.53088788,1.345096857,693.8630679,12.55497899,0.999888379,1.856072095,Porosity
459.4216754,130.9025548,0.58404935,1358.816771,96.34799475,1.104746621,1.370459128,Cracks
342.5716239,172.1607976,1.979808242,1176.940783,10.80445594,1.467264692,0.36275416,None
103.6788206,242.6018545,2.336153104,1337.908375,47.84910701,0.628082495,1.906141821,Uneven Surface
140.5886171,220.8238442,1.060074659,1358.764279,58.55637288,1.222576236,0.665403075,Cracks
365.4007076,161.4756766,2.216683354,1248.355854,54.13744209,0.708343349,0.806982483,Cracks
102.0246335,118.4066666,1.084436461,939.2106012,8.603215703,1.317347141,0.924068745,None
164.3232206,299.281125,2.321540323,1110.546755,5.7026914,0.352920558,0.292203734,Uneven Surface
319.4935157,156.5453256,2.007923807,660.3654061,10.54834275,1.426760648,1.09372776,Uneven Surface
376.7580791,162.8467561,2.109813554,1173.645417,58.55876839,0.406280392,0.421973284,Uneven Surface
360.7845038,90.9059553,0.536013111,679.2532557,54.43448876,0.55670871,0.921746588,Cracks
189.7077238,248.7023872,2.425620714,1193.949591,23.3740792,1.158669128,0.831277618,Porosity
384.8716885,223.4205564,1.953341984,729.5981608,63.77741418,0.651257198,1.59111215,Cracks
194.899635,105.1924032,1.109502191,617.5513002,82.00675021,0.951495927,1.645706921,Cracks
230.1598793,70.5952614,2.15878933,665.2844901,4.157895985,0.722402901,0.476143188,None
398.596562,220.1248255,1.063042397,501.9921352,49.81299435,1.139317912,0.859792137,Porosity
359.8531596,213.6278036,2.245507679,1218.739618,68.93104121,0.419663753,0.87203569,Uneven Surface
439.6893642,118.3148817,0.725160781,1232.401049,25.23119271,0.181841182,0.472538799,None
363.0451569,287.7158906,1.907371955,1014.93335,30.77709053,0.519901156,1.637216309,Cracks
327.3234413,87.76447295,1.581396953,661.3628011,61.3637903,0.764032131,1.473010991,Porosity
137.4699071,158.0837003,0.69306894,583.5543375,89.79352934,0.335228073,0.542687215,Uneven Surface
247.0863212,285.90398,0.983787657,519.1289664,80.99244203,0.596716206,0.860099435,Uneven Surface
206.0809471,154.9318292,0.524808073,665.748177,58.31302191,0.659976226,0.390449045,Cracks
197.5958574,209.6314869,1.437535931,1390.855535,73.02217178,0.180348581,1.330771875,Uneven Surface
489.2042219,149.3985995,1.102530522,741.5368417,36.48224702,0.916630147,0.418469464,Uneven Surface
257.2390899,118.5538006,1.696714969,854.2713272,64.09655281,1.338080799,1.974681504,Porosity
456.8186221,295.994412,1.094475615,605.3454845,46.61815911,0.312440078,1.605227734,None
352.4554504,152.3335016,1.099838223,722.3613047,18.99361365,0.936931219,0.902429389,Porosity
417.9245214,273.5248009,1.986386397,1019.224571,70.17382739,1.030634887,1.241415078,None
301.0548372,107.4886515,0.596285672,1107.752683,55.64646373,0.687068553,1.840415269,None
330.7615539,103.276176,2.30578999,745.3523142,35.8621582,1.081536622,1.197378705,None
297.0070775,57.78352072,2.204527749,557.7321592,91.13391901,0.675024161,0.514097276,Uneven Surface
178.0971951,212.9167063,1.835609366,891.0328691,2.093411783,0.806492203,0.88166604,Porosity
388.9808461,142.1315859,1.68644314,734.2033709,31.57731512,0.110294262,1.717660757,Uneven Surface
212.308945,266.0895625,2.284604996,719.5539232,5.688139778,1.06840816,1.359583429,Cracks
109.7263866,168.3024767,0.870660359,1459.862803,76.65273162,1.025879751,1.371303892,Porosity
358.1889184,292.048357,0.657938324,1116.300486,70.21074541,0.153761228,1.760278674,None
170.8442718,96.38137893,0.97902034,1056.878443,33.13522187,0.61555015,1.809151503,Uneven Surface
476.1834337,267.155792,2.089156557,915.7751035,67.56629022,1.470644577,1.855626629,Uneven Surface
481.5714308,244.1492132,0.569340533,928.9443334,39.59372262,0.689031188,0.370728548,Porosity
465.9457561,242.7304612,1.66561367,1040.905004,75.62537914,0.802723567,1.179426804,Porosity
248.0634801,261.195807,2.490875032,1196.429807,45.41836627,1.373902221,1.532917138,None
106.1826466,240.2559977,2.211392188,1202.146096,41.22797278,1.104166626,1.562468321,None
471.327425,206.5550804,1.542891378,671.6939077,93.47299155,0.914898184,1.292089164,Cracks
271.2736593,82.81121942,0.627281819,1000.112752,25.08790999,1.216926554,0.500217203,None
486.6619276,58.13154487,2.162747029,911.958095,12.044734,1.310112773,1.635356997,Uneven Surface
485.4479908,280.211962,1.697957016,1370.526966,58.45431133,0.7396433,1.4962004,Cracks
441.2037822,204.1625786,0.729865994,1131.418921,96.93218123,0.765151711,0.355044389,Cracks
217.7795568,249.1343227,0.68771457,1032.504066,37.78392137,0.64047131,1.034857684,Cracks
254.0390914,170.3805879,2.319253639,615.3946422,6.203676363,1.453388596,0.513159319,Porosity
440.4546686,79.32704724,1.838400526,1105.637889,33.93052673,1.076032756,0.807458682,None
226.7688021,81.29644805,2.158573599,617.2039057,50.59316543,0.216512293,0.232545966,Cracks
167.7970987,221.3913218,2.257957801,837.2065756,16.19230066,1.308143473,0.920593763,Porosity
322.720505,157.5764737,1.643544704,642.8419648,65.81022181,0.772783917,1.189778458,Porosity
474.4619097,100.1311817,1.534892704,1192.073647,99.7749389,0.196255469,1.315248667,Cracks
378.4119187,172.8986367,1.360854821,706.2521138,45.1739476,0.869604157,1.394282621,Cracks
328.024468,66.05223427,1.133893176,891.8593732,35.47285567,0.684029991,1.705324364,Uneven Surface
138.8705975,195.4928505,1.369191922,1395.674778,40.07041668,1.328849167,0.587833233,Cracks
346.0028907,117.2483511,2.047759311,704.3163834,11.51461784,0.385592445,0.41686728,Uneven Surface
496.02154,249.3897752,1.703846862,1007.805064,88.32736014,1.257050453,1.732766909,Cracks
156.0336061,127.5904897,2.28504658,919.2716612,41.48256555,0.880764168,0.481903067,Cracks
307.3318609,163.8050373,1.386760029,518.124041,38.72744114,0.176454424,1.954568146,None
450.9492288,52.90513498,1.714179157,1292.758114,65.96902729,1.460583422,1.716568813,Cracks
396.3074471,68.11172195,1.762615106,569.0459063,44.20334209,0.817661342,1.101577891,Cracks
378.8062964,148.1233891,1.683394325,974.255021,64.82334688,0.507227596,1.966558565,Uneven Surface
380.9936336,169.9847087,1.905267546,1060.678295,6.144629013,0.757169579,0.375278112,Uneven Surface
243.7964605,200.005137,0.974866937,1128.426457,81.37233437,1.301000897,0.74551837,None
217.4367377,122.9156447,1.524727555,1188.631629,94.05039529,0.526864374,1.348803947,Cracks
423.7444622,223.7454715,0.708449606,753.2723835,64.87653862,0.369746955,0.830012363,Cracks
424.0453579,265.0305993,1.269022655,509.9787767,95.45659289,0.280699746,1.871070594,Uneven Surface
446.8289274,244.9627472,1.475334137,1223.443662,15.14323144,0.517003158,0.318126959,Porosity
465.296221,59.90470634,1.804448519,1035.656599,47.74161895,1.192067322,1.188941298,Porosity
304.5369595,170.1267368,2.401062105,1336.117703,60.18067339,0.760276911,1.263559281,Porosity
300.6065179,76.2325446,1.701302133,1321.388363,58.17366474,0.418474245,1.374910623,Uneven Surface
419.3180716,110.511254,1.987187832,1343.326168,40.14617791,0.332658999,0.660199202,Uneven Surface
359.9855723,296.6656483,1.512532119,985.09466,33.80844094,0.565821267,0.85621957,Porosity
380.7867509,85.62388573,1.768208063,833.6283958,12.68240226,1.415894122,1.718624953,Porosity
418.3170678,174.7220384,0.641864432,1291.558203,39.17424506,0.580237398,0.550896984,Cracks
456.0021367,204.5389336,1.008783162,951.294113,16.26608151,1.483373706,1.688362125,Uneven Surface
235.1980627,225.6162426,1.223706186,683.4421964,73.43656765,0.779322638,1.212779761,Uneven Surface
250.2331811,189.9121709,1.44498671,1354.97402,20.88309355,0.350829486,1.57193752,Porosity
137.5927759,52.44271185,0.591297491,1382.559877,5.856530528,1.347596129,1.484493259,Porosity
331.3120564,131.6153271,0.780048195,966.3097561,55.23661378,0.744497522,0.573520692,None
114.3769095,179.4279108,1.053628616,575.6997273,59.52297327,1.093539881,1.223862926,Uneven Surface
286.2392073,71.96662479,2.443065382,887.8260899,87.19130613,1.477196216,1.761901675,None
317.0578539,137.6567328,1.162694014,1303.537659,57.69816124,0.17024549,0.977809226,Cracks
214.6165009,58.3007772,1.464082116,1401.774029,34.54808537,0.235372384,1.939863386,None
336.3333042,69.64462429,0.892195425,703.4727425,80.30118815,1.108639438,1.01398718,Porosity
112.2001,149.2308191,1.721560142,566.973612,54.02788932,0.494555005,0.457014146,Uneven Surface
114.9392755,83.17893851,1.061366431,1377.350453,7.928028463,0.358021956,0.900982424,Uneven Surface
429.0402243,191.8852121,0.913985157,889.404939,56.58505603,0.155106632,1.913064332,None
244.0762566,222.3662423,1.533145257,1041.760964,90.80185454,0.130585397,0.775497529,None
150.8242051,250.1466748,0.511011598,1468.065812,39.63126255,1.184279844,1.762576688,Cracks
308.897304,100.0375611,0.515328065,566.5647279,29.63258019,0.288206798,1.786251227,Cracks
407.9974212,91.87064556,0.938137618,1148.318007,14.3469457,0.754808862,0.830335744,Porosity
186.328411,76.14196008,0.573442725,574.1054226,15.14455219,0.948255541,0.349863784,Porosity
349.1561903,209.1075624,0.716051508,875.4689285,43.27714843,0.699692521,1.504204236,Porosity
134.138986,226.6189316,1.177721299,1303.814545,59.56798242,0.137949313,0.760722138,None
120.6726885,57.89653621,2.105171359,933.4722328,8.061540517,1.196902104,1.609262506,None
312.5418526,284.0530616,1.644097287,1497.182354,93.9568589,0.114718514,0.996778727,Uneven Surface
316.2540486,62.99282091,1.525335452,1059.059285,75.51336174,1.166645852,1.073480136,Porosity
354.9719606,185.3240838,1.086977646,821.1621526,58.66239183,1.350626291,1.600236932,None
390.4365335,227.2651299,2.363507439,720.1113259,82.84386709,0.705975889,0.888253996,Uneven Surface
490.3408318,267.7422809,1.294030082,850.5205343,8.018675681,0.849759462,0.997629222,Porosity
306.5201393,228.521733,0.674185534,872.5332738,47.68388777,0.76777675,0.877142844,Cracks
229.1825892,250.4320208,1.734133032,568.7136777,63.00931269,0.644892066,0.861212927,Cracks
418.0744779,134.8625481,0.727676787,869.5741994,82.86529061,1.34239435,1.146703838,None
208.3329005,253.7062784,1.190446286,964.2385197,78.346956,1.351506915,1.655839,Uneven Surface
275.5885683,70.0287116,1.514823877,1222.737752,27.70692497,0.57014291,0.851182961,Cracks
131.3825525,273.704164,2.248445049,1156.729485,94.08801696,0.961097656,1.143658497,Uneven Surface
110.1402974,186.898094,1.487093161,1208.765655,12.43458414,1.397670587,1.407309186,Uneven Surface
485.0593659,254.3244425,1.904517532,508.3636819,87.51336186,1.446881899,0.684991003,Cracks
434.3920482,163.0795711,2.485633678,717.6673996,97.09402496,0.812542657,0.699541049,Uneven Surface
378.3896824,210.8944238,0.76297824,1161.684288,17.71535232,0.733954727,1.880143629,Cracks
263.5811778,181.6006652,1.049463051,983.9893682,72.20660642,0.490172042,1.502362232,None
169.317728,232.8973804,1.289152151,505.3134757,4.028551878,1.442420622,1.238936017,Porosity
162.5748171,70.40749551,1.343656357,1304.494642,40.54228251,0.299940026,1.365896098,Porosity
200.0971593,65.088021,1.322042151,1272.809573,51.62832992,0.911761406,0.252738998,None
319.6906659,111.7758085,2.315222005,1048.419163,58.06452259,0.495570375,1.312585338,Cracks
385.8383691,89.88617003,1.928065289,566.4633258,93.59372482,0.490611606,1.117115972,Cracks
364.0789507,267.9458916,1.715810428,1266.51505,67.22506873,0.666956022,1.182349424,Cracks
211.9735588,104.8034968,1.118745436,1083.713588,48.12779512,1.49831011,0.846962888,Cracks
481.9461123,293.966314,2.147580768,1281.959977,80.96750363,0.17695283,0.346653016,None
395.1587667,134.2239479,2.410121023,1251.746992,95.0532821,0.909958545,0.548010621,Porosity
321.741621,95.52947892,2.142396565,1303.002072,2.206614868,0.215601021,1.911340484,Uneven Surface
344.6882985,247.4246268,0.50313021,1018.008066,98.25212723,0.316329162,0.935659212,Uneven Surface
267.840025,214.6769439,1.77280274,640.3245182,8.613213906,0.715388118,1.04002968,Porosity
199.0923958,174.5489291,0.602270763,1171.157473,81.43867793,0.814644184,0.294877622,None
242.3890715,188.8408877,1.015214441,1120.473785,28.03347526,0.462309372,0.267619213,Uneven Surface
403.1384442,229.8004446,0.619049401,1242.253187,13.21796578,0.543039983,1.490926605,Porosity
105.7573955,107.1136853,1.707590906,669.8810061,43.98556397,0.221753828,1.168570395,None
146.4290562,299.083479,1.873179827,694.9751999,64.39565794,0.524507697,1.115670772,Uneven Surface
118.4010568,293.6982905,0.728975276,1390.409517,38.0951845,1.453181815,0.637624155,Cracks
116.2915209,212.5814216,1.267677766,1249.977798,5.456540828,1.422590334,1.540551317,Cracks
442.1842336,99.88561273,1.412473018,1408.228489,59.94611397,0.568829606,0.502825842,None
381.4631438,220.0570606,1.238106044,1258.715321,90.24032761,0.899195511,0.541882539,Cracks
289.6695316,68.04960224,0.742050001,1097.155306,38.32153659,1.373433548,1.029281908,None
139.1336643,57.66312555,1.33789558,1154.132737,21.63327776,0.108657352,0.715303752,Porosity
296.64635,114.4207221,2.002356096,1389.127924,44.25773459,1.234956998,0.645433366,Porosity
289.3887083,165.6557392,0.642015329,1078.806755,4.836271105,1.427717374,1.36142776,Uneven Surface
169.280748,267.0681264,0.660360028,1132.391324,82.04875845,0.227856028,1.371749141,None
273.5406597,231.7922674,1.209542584,656.476716,82.6340811,0.32602676,1.684130726,Uneven Surface
259.4018938,235.6766303,2.383451423,973.9212201,58.80004634,1.445044824,0.951875421,Uneven Surface
346.3400392,156.3733336,1.837145293,1216.397112,35.31028889,0.852556201,0.331553164,Porosity
354.0374603,136.4837481,1.857339913,770.9426983,79.97833644,0.119875288,0.692599493,Uneven Surface
118.1216039,142.7596907,1.223839982,702.2541805,55.46870248,0.460684798,1.964009834,Cracks
249.8450459,296.9123909,1.687321582,813.8268082,82.59323086,0.729921144,1.273265435,Uneven Surface
350.3439663,60.02729785,0.520262368,741.500628,63.14587926,1.070072475,1.477526753,None
301.2545034,266.757874,1.772192093,714.912637,78.44054732,1.126424529,0.213244093,Cracks
442.5959365,194.6688521,2.326573895,924.8508429,59.85629932,1.493590118,1.132770318,Porosity
363.4774526,159.6538548,1.725146937,1407.838514,41.41410682,0.502515679,0.267551584,None
165.1737708,231.3144151,2.247397187,1007.059647,95.79458599,0.853508143,1.224614382,Cracks
128.227499,171.6672354,1.947946111,687.9203808,54.11138249,0.846652967,1.857387529,None
356.9677113,268.3558095,0.741116833,576.9716694,60.50895185,0.667903363,1.943154435,Cracks
110.6045242,275.175466,2.304906615,1196.156145,22.04876394,0.336826651,1.172994816,None
334.3102325,155.4302317,0.632887689,882.7987644,62.56507894,1.468439188,1.024768649,None
476.0920966,119.2069493,1.567934945,1321.830947,57.16076495,1.294644061,1.90103077,Cracks
330.1896712,198.0875821,0.784274248,1159.510769,18.48383979,0.79766624,1.412497698,Porosity
255.2679705,278.0908364,0.523413221,1296.241451,5.958709735,0.944543592,0.316818703,Porosity
357.3152874,102.6655473,1.34406852,771.9460394,60.43593197,0.418165475,1.03830604,None
283.3011562,205.7416459,1.090081415,1192.358922,76.36922694,0.861301899,0.632441033,None
318.2467157,207.890055,1.472000988,764.0619847,52.34013709,1.072958186,1.045647779,Porosity
476.5859235,233.2782556,1.654399773,1439.068479,22.67726253,0.82123384,1.01983803,Porosity
254.4410551,82.89192128,0.587478145,1136.374282,66.65219767,1.486399239,1.247860645,Uneven Surface
484.4762255,228.9562412,0.74600659,824.5118002,8.010572661,0.955878319,0.842186883,Porosity
462.1402568,277.2581302,1.617284793,769.5118623,44.18337048,0.619363198,0.495686809,None
178.3164539,94.92077722,1.186334706,690.9265851,16.33667584,1.181012839,1.106694982,Cracks
127.7445204,109.3858312,1.958346975,1194.640959,18.44590511,0.338647516,1.694365192,Porosity
140.3112006,292.8487735,1.804583297,718.715613,20.22939492,0.638322139,1.395222011,Uneven Surface
107.2887303,95.24423818,2.191208726,1095.303266,38.6707057,0.585742531,0.809062159,Uneven Surface
137.7771843,263.5962733,1.884985653,764.6350269,5.115020562,0.704529933,1.883941441,Uneven Surface
373.2027094,173.0694641,1.359862155,1161.968945,39.77934409,1.194491756,1.841973628,Cracks
128.4754594,111.8077686,1.845933245,1314.939729,51.17074471,0.777842245,0.576827119,Porosity
227.5902521,267.6874753,1.050762349,1278.025243,48.3294285,1.21162023,0.270951653,Porosity
437.9501244,161.3263138,1.112626998,1260.851331,38.27841004,0.907084464,1.534355675,Porosity
109.3087743,178.7043385,2.07797032,687.7224057,83.91466081,0.578897209,1.68969847,Cracks
425.787393,139.8083423,1.392839033,588.384947,14.53266924,1.233970241,1.942156219,Cracks
212.7419099,198.2377129,2.096760681,1198.948828,50.56967438,0.433605539,1.801705509,None
147.265931,90.88096815,2.144844747,868.3472138,6.204141696,0.414136172,1.280962583,Uneven Surface
378.6948661,147.7703842,2.215124675,932.3462264,7.115567888,0.806304094,1.154094211,Uneven Surface
351.5771387,292.3530806,2.333270472,531.1490928,57.38658497,0.465188944,0.250113892,Porosity
450.9888054,114.5333582,1.361970441,759.5764493,56.60184249,0.112721849,0.643981604,Cracks
394.0284175,214.1841661,1.137733637,533.6764039,87.80335128,1.007616538,1.027306553,Cracks
421.3923722,131.2975161,1.664397493,1379.185773,55.78736757,0.81553135,1.33130702,Porosity
212.813829,243.3682814,1.242344847,743.3966832,95.97910204,0.72372494,1.2030533,Porosity
170.9758175,82.71841518,1.702148334,1057.33717,4.86948484,1.45375592,1.536744781,None
400.2459007,292.4552613,1.911171725,538.9793207,9.800768478,0.899678858,0.703580476,Uneven Surface
422.7338957,163.4473853,1.876810037,1166.847391,4.406586157,1.308804209,1.216914694,Uneven Surface
496.2020568,109.0126158,1.249105774,823.0273458,18.52768503,0.295230331,0.358656038,Uneven Surface
265.0470708,68.37418683,0.833720403,1397.919187,54.12701109,0.896889048,0.944597942,None
248.8072343,92.43947627,1.361058677,1388.118189,64.55721814,1.315171477,1.550289499,Porosity
410.5651843,179.9434871,0.785188288,825.2906184,4.558515795,0.91634806,1.448121536,Porosity
236.3214161,134.2507941,2.28019407,1400.960896,94.59708898,1.105219849,1.983156927,Uneven Surface
472.3029302,257.2208415,1.191754921,1496.157673,84.21653767,0.620860995,0.700204027,Uneven Surface
443.3651007,157.7218809,0.808919494,1325.415664,29.66124822,0.229429324,1.096740739,None
271.597611,112.1785681,0.55089552,1344.871348,7.718753023,0.741060413,0.793154745,Cracks
400.3484271,204.2862467,1.791644773,749.0087361,16.98870732,0.652271147,0.993085605,Cracks
401.8171496,226.6943042,1.773804635,1076.702399,12.69444138,1.313884255,1.742510234,Uneven Surface
141.2495475,91.76047698,1.181208333,567.255914,12.32837793,0.441593423,1.431576335,None
461.0211627,91.90480407,0.643423778,594.9179368,51.85616887,1.453427919,1.788394144,Uneven Surface
302.100949,59.16785673,1.31925779,1498.892612,24.58474425,1.441393368,0.566319995,Cracks
430.5829864,234.1005038,1.12243499,826.6392494,35.81397165,0.4466843,1.772050012,Uneven Surface
228.0198404,215.9511319,1.854241279,1248.183912,98.95053334,0.587272738,0.307572094,Cracks
458.2092914,168.6577189,1.711558499,1306.665053,68.43142489,1.353778037,1.799478705,Cracks
255.6806715,261.0426122,1.229187456,1358.023271,94.8980667,1.453271109,0.792332803,Cracks
104.3350606,251.4175382,0.935785109,1497.628297,14.2556555,0.720814744,0.76625774,Porosity
462.1527906,196.3385911,2.476071932,741.4964853,38.21394748,0.549395864,1.121759438,Porosity
136.5146707,267.0678201,1.408003242,540.3508269,55.47318033,0.836531619,1.893242338,Uneven Surface
227.725455,101.4603025,1.876548472,911.191518,7.675806189,1.062876889,0.286006456,Cracks
480.0247868,77.97990485,0.781105935,630.0806698,0.418744363,0.482864322,0.834015755,Porosity
480.2428588,117.4374029,1.471179399,522.4258892,67.04343338,1.131062444,1.74182958,Uneven Surface
329.3751552,64.27171402,0.55507344,860.4268271,64.18195168,0.1723203,0.912898059,Uneven Surface
352.7348849,182.792382,1.510910236,1283.738251,41.078881,0.16901229,0.558482416,Uneven Surface
279.3782088,284.1514231,2.428034814,1066.180691,48.9644076,0.640802787,0.964629526,Uneven Surface
217.2843087,59.83588517,1.268413426,812.7779892,41.54430006,0.594862469,0.893994503,Uneven Surface
231.4658181,80.5274785,0.577992025,1154.342005,2.400504484,0.541886502,1.847749163,None
369.0073824,163.0497571,0.561911582,732.0181803,33.53716062,0.787427668,1.571481876,Cracks
400.9498118,283.4687544,1.27597352,514.3814461,17.70822554,0.549027015,1.109208,Uneven Surface
416.6316175,129.0390262,0.820049873,1264.353386,9.84241891,0.369161086,1.97906702,None
415.8472571,176.8087022,0.546704193,1123.743085,95.67204339,0.533257369,1.037499556,Cracks
136.4824412,60.39321476,2.012427228,1262.302625,59.9359725,1.464865982,0.304828095,Porosity
297.7681219,87.08580024,1.417046018,538.9380167,72.86562842,0.675558784,0.672093779,Uneven Surface
123.023504,296.6575307,1.078489544,1337.119628,31.53637433,0.722597888,0.984926864,None
319.8115529,291.2796741,2.300166366,1119.5262,39.31471295,0.907162986,0.482424723,Porosity
276.6122005,51.23499523,0.73227792,1063.395351,23.69239939,1.476677076,1.905617227,None
455.0816731,287.9529464,2.411837658,1124.614048,9.696567097,0.438241787,1.580328016,Cracks
240.366005,209.7799845,1.127933435,1364.433247,17.90316374,1.053794955,0.682916961,Cracks
146.8268066,266.9795736,2.276807345,1086.936507,79.75140453,1.102378571,1.26344816,Porosity
157.1966728,163.6849639,1.705885753,1080.95038,67.75458052,0.950254184,1.498608483,None
404.6042527,178.8990071,2.153414719,1490.679157,54.6928876,0.224009675,1.894302072,Uneven Surface
347.2872253,172.2116451,2.468026326,1256.730167,47.50898729,1.047621186,1.786943629,Uneven Surface
140.4490704,216.7160644,1.076810876,942.2938055,92.24342837,0.189732595,1.127346007,Porosity
133.6427224,84.91281369,2.422270971,1207.397,7.273494778,0.934599709,1.594374716,Porosity
380.3876526,57.49339747,1.27896379,889.2304717,28.06008132,1.135413648,1.211860557,Porosity
129.1052025,126.9824854,1.271023809,728.8754625,34.99378536,0.395357847,1.194867002,None
428.7440237,226.1701907,1.180774209,1096.851877,78.24258122,1.278270811,0.406535525,Uneven Surface
382.4968909,100.463363,1.582815215,1428.182098,99.25146202,0.142495328,0.427047784,Uneven Surface
132.5395123,218.3581083,0.808290086,1429.13952,24.06705148,1.281338009,1.153160507,Uneven Surface
133.9350856,292.4780115,1.607422971,841.9052781,87.43073341,0.744460671,0.683950781,Porosity
494.6558314,73.47517895,1.583409625,1027.677466,83.06227604,0.404623116,0.237866424,Uneven Surface
249.7083183,218.1505296,2.023803625,711.6358986,22.46573976,0.287289403,1.501110567,Cracks
248.2568588,160.9375548,2.167299924,1495.631109,39.93325802,1.434630035,0.258475874,Porosity
425.1198269,267.0355636,1.380882701,1481.117908,40.96728693,0.201731823,1.271498314,Uneven Surface
478.899431,94.28744736,1.104666499,1149.50893,97.82206685,0.378730788,1.170548829,None
494.4004255,223.1564881,1.018669795,1304.41406,18.08919014,0.586951286,1.943866443,Porosity
401.3512741,259.5288224,0.889247673,1215.100161,79.91579711,0.968328789,1.071583651,Cracks
250.5038342,286.1535549,0.615295164,1093.158219,33.41927142,0.862721519,0.314482585,Cracks
133.4002867,220.8120071,1.184895958,553.347997,73.08703458,0.275900889,1.193038342,None
410.8587664,174.293691,1.040495384,954.7643426,42.00110043,0.505619177,1.713973107,None
323.3616999,204.4618101,2.432834772,1174.786302,57.83597631,0.43425248,1.994328712,Porosity
269.6888037,267.2262461,1.615417653,1177.531614,83.26117733,0.398959996,0.974617713,Porosity
462.541754,192.6524367,1.194554078,873.1226184,80.4165565,0.675602071,0.776537736,Cracks
144.4789929,57.59676492,1.660935202,1441.691987,86.64231835,1.085644034,1.831975935,None
297.0500417,282.7371739,0.778393403,667.3570322,5.961732534,0.404434105,0.544235832,Porosity
104.5414579,222.3816878,1.388087498,1000.359446,69.2050553,0.613350432,1.307772047,Cracks
287.4642568,219.1283464,1.752468643,1190.883977,13.99873767,0.647284398,0.930285964,None
122.5213103,103.9187881,1.477795664,1197.135806,41.5818568,1.467039141,0.273948257,Cracks
147.5271665,214.7213676,1.303557601,1148.638957,54.85884151,1.4365329,0.825119254,Uneven Surface
147.0104987,148.4661014,2.487696778,775.2882135,40.27394847,1.220192616,0.677411341,None
359.6841208,212.8082443,2.260629524,656.2065687,51.96116758,0.438322489,1.434964077,Porosity
398.4179517,76.64825758,1.746811916,1135.940327,99.65263088,0.19525224,1.907822896,Porosity
333.347506,214.4613262,1.638754722,1099.302116,13.52173137,0.543665793,0.682484937,Uneven Surface
484.8690194,299.8534314,1.74132096,679.3560103,67.54560453,0.473512369,1.66063869,None
249.9482318,62.05300972,0.902624216,1205.139146,39.60009664,0.80829612,0.29964767,Cracks
214.2848345,294.2935461,1.290275487,955.1719917,13.30097989,1.188819074,1.168617818,Porosity
447.4396513,151.7269902,0.578919066,1167.760592,15.87367634,1.301652114,0.326990115,Uneven Surface
189.4383354,267.6883626,1.451092075,1337.36708,94.92731062,1.28280972,1.881259384,Uneven Surface
485.2890158,245.596371,1.586049168,669.7284286,87.96014967,0.603545786,1.579432305,None
104.8617899,191.7540652,0.955499472,519.144868,90.70419604,1.062128081,1.38430984,None
487.9515307,234.6123023,2.428057694,1279.102586,99.15327758,0.537967877,1.683013487,Porosity
117.2639648,269.6288903,2.318909222,1109.697425,20.831539,0.185267761,1.365535632,Uneven Surface
456.4572455,151.0350804,1.944286471,1199.63957,35.54393374,1.082191372,1.944099915,Cracks
311.0804436,131.7582904,1.566773258,1338.154975,66.92190299,0.113758574,1.485124306,Uneven Surface
497.1859184,216.8983464,2.239938319,1302.810935,48.38025399,0.672855622,1.864385497,Cracks
129.5186259,251.9614855,0.761304688,1460.920147,41.83895334,0.561130977,1.130837406,Cracks
321.5417138,240.5712837,2.081019589,1035.935079,35.78112493,1.070728554,0.410715943,Porosity
487.7210142,249.4534122,0.749641628,988.4956327,59.37806319,1.172743662,1.150719899,Uneven Surface
309.2391377,158.8958287,2.088421325,901.8871999,57.55934286,0.52573249,0.428371091,Cracks
351.7594553,254.458554,1.051535137,653.6910428,16.14578341,1.23627782,1.266488263,None
378.2994756,80.05226384,2.254181162,1072.607233,47.17398375,0.511483465,1.068487509,Cracks
281.8164259,186.1222745,2.388084188,777.0125243,55.34717762,0.724856904,1.320635716,None
351.023232,51.43966512,0.797591939,1421.307512,57.02869387,1.117825938,0.218084566,None
333.7257248,131.1464575,1.42535121,1083.190804,21.01071929,1.070088321,0.550712885,Uneven Surface
460.4632042,141.6153837,2.461974756,1092.840181,74.22713923,1.482315861,1.084394777,None
118.1785521,149.0431729,1.466814872,854.9246609,2.519909482,0.415225434,1.910906411,Cracks
212.3852758,223.8668017,2.227095045,551.989352,35.48318555,1.027245079,0.890496273,None
480.1645936,147.1395253,1.677463044,531.7437654,78.02126485,0.953554672,0.963869647,Uneven Surface
456.1055136,162.1734057,1.250659816,923.3351442,56.38929211,1.381137836,1.48645296,Porosity
282.2627011,109.3860327,1.071567111,584.5653781,26.11624325,0.318906998,1.286826963,Cracks
348.0530391,143.3129479,0.906446182,1106.846956,69.49531193,1.152517429,0.73806707,Cracks
210.9524732,106.8174068,2.023596383,1380.973006,56.73909442,0.895576063,0.939469512,Uneven Surface
175.2484639,68.29898094,1.273081014,1382.914817,79.62436095,0.484532218,0.591859638,Uneven Surface
285.479362,200.8621483,1.522550924,1159.04541,73.50251862,0.76420888,1.938838626,Uneven Surface
241.3408912,217.0531996,1.48465096,711.2318315,61.0107922,0.567287236,0.435141887,Uneven Surface
333.4624447,204.8725865,1.654558058,1362.996831,48.81776753,0.911038764,0.869306212,Cracks
131.0938548,165.873511,2.231154291,1386.093435,13.31821257,1.344600855,0.24651015,Porosity
489.7579231,144.946445,2.461478687,696.653585,26.13330179,0.897026978,0.599203085,None
494.4842978,265.8334124,1.315168417,1237.426086,41.90994729,0.984411386,1.604848049,None
379.2646856,179.7704463,2.155037844,786.5195489,59.9299287,0.826246986,0.562115418,Porosity
314.4385465,169.7954694,2.029055589,1302.640312,51.37078552,0.171631709,0.344114125,Porosity
223.8110465,56.41051645,1.647057903,1497.2379,28.8184526,0.42600198,1.054015724,Porosity
425.5180079,135.3119569,2.412094287,530.0260053,0.646435779,0.788802421,0.217944623,Uneven Surface
373.892469,145.0489047,0.900949031,1397.365866,49.62392219,0.534329397,0.352579078,Cracks
165.0467757,149.7056952,0.718528421,1122.630534,28.56259886,0.354469037,1.653726565,Cracks
464.3708738,195.0430923,2.207923934,1473.382619,73.46083007,0.805785979,1.588652021,Cracks
429.0148972,183.4006367,1.378299633,965.0095175,2.394626527,0.551933711,1.847249877,Uneven Surface
479.9199653,201.9762732,2.193937708,1347.387931,58.48278113,0.4613507,1.738127785,Cracks
390.2878034,241.2208154,2.28618041,562.3940686,94.14742375,0.749579584,1.429716014,Uneven Surface
345.3660784,253.2464347,0.624915187,835.2790501,17.44092671,0.286597961,0.294199143,Cracks
267.2972145,229.5307691,2.266929526,567.0165378,47.16494908,1.398844026,1.609127512,Porosity
473.0913933,288.880924,1.396638111,1475.343133,9.142199182,1.314782937,1.72191946,None
446.4255558,54.55814567,1.520864978,1316.973907,62.56819123,1.09066882,1.638347862,None
118.087468,98.94449642,1.753185022,1352.547421,55.05316806,0.248699359,1.115262264,Uneven Surface
110.5467898,51.89071874,2.352765213,1437.965231,40.73655242,1.186228156,0.61922331,Cracks
250.5853468,211.8686785,0.538232189,585.1034861,52.13770215,1.231140259,1.721593956,None
424.2213323,274.5076372,1.453686937,885.5975925,89.65746585,1.174870465,1.508893058,Porosity
494.9104517,110.8705741,1.875444085,571.034889,19.62943023,0.259552242,1.965370114,Porosity
160.1667564,281.7586362,1.945413915,710.7931016,2.256451171,1.00147114,0.480246676,Porosity
337.6522861,65.06684757,1.885064863,729.365777,86.16648847,1.268054714,0.606196249,Uneven Surface
252.3563427,283.6090067,0.768870259,969.107211,57.71170824,0.908294762,0.58123667,Uneven Surface
487.9657591,137.9056718,1.098791177,768.5621675,89.06584555,1.004970325,1.626571582,Cracks
436.8475693,75.35520711,1.217431051,600.9781068,59.69452234,0.741708871,0.536433134,Porosity
435.3314819,171.4679398,2.108874415,667.4910891,81.016109,0.840190248,0.319987694,Cracks
287.4772639,114.1941419,1.057519745,647.2755636,42.96733634,0.148127602,1.997409452,Cracks
265.9278009,121.2182255,0.921409928,1473.076798,74.98599313,0.994548231,0.244670981,Porosity
209.3628288,126.8224912,2.414896038,1259.292507,91.30414669,0.214026098,1.703439308,Cracks
122.5501987,250.7564745,0.51772657,1467.761465,57.21229637,0.709020432,0.857660315,None
445.8889505,184.7903192,2.495641711,939.7404865,18.07851506,0.509717137,1.714907828,Uneven Surface
425.1604037,127.8269248,1.853642598,778.3684817,26.8797615,0.86359913,1.198316884,Cracks
499.8870693,202.5834458,2.156938599,1298.293197,19.86445769,0.28678287,1.822936213,Porosity
498.6547348,229.0376686,1.089238793,826.253918,24.68570276,1.068300763,1.867147376,Uneven Surface
322.1726822,118.1560002,0.528630555,799.3833737,30.64154494,1.213016152,0.216376726,Uneven Surface
407.5949661,153.3872754,1.975739037,732.5059922,55.51337868,0.32869623,0.335741917,Cracks
477.906292,80.47152333,2.168289194,629.6789782,58.79916295,0.246038322,0.650645713,None
439.8589563,95.28733738,1.980952264,756.463061,42.64997472,0.303721676,1.404767749,Cracks
198.9392407,220.2794635,0.785700575,855.3197485,61.54207798,1.327978587,1.798889954,None
280.2176541,95.35958692,2.006855845,1173.994208,8.157492561,0.839464966,1.027895512,Uneven Surface
151.6637661,181.2908459,2.037845564,562.5648422,8.778823706,0.754165394,1.292551609,Cracks
481.6204109,227.2615654,1.817081031,710.5069397,17.18294604,0.249396547,0.539299735,Porosity
342.4698538,76.71923077,2.032231866,1309.02364,51.8077498,1.009378409,1.648940301,Cracks
191.4571222,191.8280549,2.191842879,646.9219236,21.39946787,1.315199429,1.9411906,None
368.6802738,114.1406959,1.727208228,842.6451465,28.32844035,1.259460217,0.683478079,None
347.2512962,290.7317188,0.677209428,1364.658922,40.03128362,0.976476593,1.090686713,Cracks
243.2650872,170.8864117,1.475255619,654.9253111,81.1866124,0.205390203,0.355008999,None
145.4230369,251.4981374,0.655298669,582.7368356,1.386213591,0.257355838,1.206445982,Uneven Surface
368.6292782,187.5566355,1.315086062,984.5379951,64.93788202,0.169032582,1.105010195,Cracks
308.1230804,60.85313321,1.314212978,802.4195113,66.8876531,0.460470903,0.459985671,None
408.9273567,208.2878439,0.632019688,1063.408364,79.86557804,0.289926054,0.995719184,Cracks
308.0654004,287.8508356,1.197641068,1303.80489,93.27529391,0.464067256,0.801388374,Cracks
440.8726001,200.402955,0.721996198,637.1484882,2.013784895,0.639081278,1.139295576,Porosity
320.7627355,254.7972149,2.11647042,1080.699085,15.37837055,1.420175898,1.254177804,Cracks
324.3751886,271.0516158,2.395376052,1005.50876,88.61712941,0.954526484,0.215292041,Porosity
450.6614411,107.019943,0.644632951,644.078786,45.85185622,1.2689633,1.569810769,None
261.3931465,103.01121,2.410230415,1123.998486,56.45906389,1.094492101,1.483425725,Porosity
153.6060914,202.7452472,1.545153199,773.6404179,66.30272037,0.257504383,0.859315495,Porosity
111.5130705,152.7571175,1.099131356,987.8343185,67.90666045,1.130288569,0.295284684,Porosity
402.0549023,259.9653257,0.653724151,582.2723243,93.17404033,0.485138434,1.558878572,Uneven Surface
348.1238205,275.0057808,1.501248536,959.5840572,99.69494174,0.994750986,1.919315289,Porosity
381.6319072,138.3553448,2.089031089,806.463468,72.01574609,0.577346763,0.632272873,Cracks
185.1856646,109.2176397,1.914172955,1322.381211,28.72212092,1.496741169,0.782344305,Porosity
154.5485902,245.1313788,0.600452023,556.978727,87.97524023,0.468972071,0.530863201,Cracks
105.8178663,118.7015089,0.645803671,918.6072749,4.922091454,0.490782659,1.238485022,Porosity
240.2350235,255.6535796,1.305746565,958.4314241,23.10808529,1.402941158,0.47871451,Uneven Surface
335.9670747,155.9345634,1.090580988,1225.006076,89.73857175,0.134502166,0.841149098,None
256.897618,216.8874748,0.964768646,1074.287575,25.61915144,1.075364583,1.454623425,Porosity
274.9899688,73.88382846,1.062008998,1167.212337,22.06510596,1.115456947,1.208208769,Porosity
461.6634778,205.9648312,2.106965487,1277.049286,13.81252931,1.270930008,0.895632616,Uneven Surface
239.3021868,162.9419197,2.358456107,1362.202974,85.91117576,1.464215035,0.956449283,Porosity
305.5957957,196.6521158,1.310205389,813.8754967,50.00582592,1.465842687,1.211799589,Cracks
413.4612051,92.00355194,2.312222004,1038.022705,67.48932031,0.191387461,0.21055651,Porosity
258.6171129,234.2184362,1.142991402,1340.108078,23.90663841,1.250575052,0.341317763,Porosity
348.8346801,265.6992694,1.452873973,1489.451131,75.8040421,1.004833907,1.786264522,None
444.9454835,104.18495,0.952057996,1389.519311,76.0005545,1.006278988,0.34018218,None
479.8082495,73.92863888,1.780952084,871.4672626,31.25980249,0.279689897,1.472246473,Porosity
158.8293924,55.90964651,2.45796223,695.1665172,41.0682633,1.010262033,1.856068695,Uneven Surface
470.6350501,210.4928751,1.706986192,989.3925374,20.96902774,1.475475613,0.687230488,None
296.8465172,201.773509,1.215628168,1241.641452,97.65610233,1.376545997,0.866884587,Porosity
203.2977553,186.6743532,1.795634892,992.5690708,64.56025771,0.714782925,1.224058531,None
283.6543025,107.986774,0.745841357,983.1808633,93.45438807,0.155927163,1.787076145,Porosity
492.0130301,147.726499,2.277318161,1338.230421,30.33855436,0.607210886,1.895430057,None
297.0472376,198.6190838,1.506167902,861.4037791,78.1890913,1.256946436,1.531213847,None
231.5006441,174.1917147,1.398699484,1359.794675,76.58586439,1.082098742,0.35591557,Cracks
353.3603417,296.9463801,1.671729577,906.804801,69.16556519,0.743081118,1.40447748,Porosity
196.0582475,84.10993814,1.749567726,828.2331057,96.56389753,0.177142149,0.938546699,Porosity
130.3453312,223.7861385,0.643551612,953.9899112,39.35553361,0.697652619,1.047261799,Porosity
151.5518888,151.079692,1.865234442,1262.446959,13.07173236,0.756634916,0.288467103,Porosity
151.2183356,157.0499037,0.983863361,626.0020279,67.17088592,1.399977746,0.543911851,None
160.7610774,229.3994414,1.927905265,696.4192159,72.93098005,0.997520545,1.622924494,Cracks
155.5308691,223.1090378,2.145069589,1451.444826,57.50605735,0.536314083,1.017125899,Cracks
356.3498979,297.8139984,2.107917015,675.4916274,20.68178931,0.83544557,0.742992035,Uneven Surface
172.7520338,82.09857236,1.605001935,1067.727318,50.44559417,0.192477431,0.891234333,Porosity
238.2669133,76.02741235,1.540339785,1079.314467,31.21897366,1.46159553,1.737919124,Uneven Surface
458.715364,231.0847043,0.785751923,989.6244621,42.74665282,0.604083863,1.548198231,None
289.5846561,194.5967293,2.050692301,1144.745249,64.52185758,0.769014297,0.690167715,Uneven Surface
367.0230954,118.5401666,1.042818761,729.8267258,74.52147427,0.597397564,0.411503312,Porosity
168.9279485,69.85484225,1.493390846,1052.662268,23.22246909,1.055516422,0.653596799,Cracks
176.9156075,71.4145624,1.068548186,872.1732552,40.53253606,1.027125022,1.857361612,Cracks
116.3474465,273.5477187,0.767656726,1161.66726,26.9161571,1.101451235,1.246859908,Porosity
167.5740252,97.96683118,1.759115394,641.2235434,19.86316139,0.475400521,1.160264376,None
211.4361356,130.8428905,0.60866407,1070.877417,78.338722,0.541935874,1.273508479,Porosity
170.8041937,106.6641006,1.997290468,685.2703554,90.92526944,0.275351724,0.858850878,None
135.4810135,138.7490765,1.135173591,778.6430631,37.02321857,1.017713961,1.652792637,Cracks
148.2543484,67.35596069,0.500269386,718.7098003,75.12789244,0.155715978,1.141915249,None
284.3115072,179.7649477,1.522258278,682.8377799,89.69952894,0.93675527,0.410146225,Porosity
182.5334874,66.9031409,0.593703817,1325.710952,84.61242105,1.317574239,0.432317225,Porosity
245.7079444,250.089127,1.052339116,785.7075677,18.28133885,1.347165008,1.166346464,Porosity
301.3669083,108.4280205,1.913952975,1427.123782,95.62918815,0.728652865,1.885826393,None
376.1579315,185.0029787,0.625379243,1469.926525,37.66764404,0.743025163,0.755033819,None
115.7248559,270.0197719,2.178676985,1071.26047,33.92406612,0.207756856,1.765174104,None
419.7641596,212.7193423,0.507639845,643.0011227,6.243132728,1.039071036,1.575372056,Cracks
351.1601558,183.2394466,0.993647738,874.5482434,48.61736541,1.249763189,0.646062397,Uneven Surface
132.7036128,131.0834383,1.981808112,1297.732263,10.90136156,0.442517076,0.265413347,Uneven Surface
449.4314496,133.2504783,1.132540299,867.3907287,24.85398209,0.689821234,0.383325077,Porosity
468.3489602,217.3717388,0.703784776,587.0172183,31.69426218,1.274375071,1.511289081,Cracks
124.4311839,298.5348403,1.220467838,1056.784911,80.88263235,1.327968655,0.559405528,None
210.7510593,215.4597975,1.040786573,1345.120851,87.54886504,0.440451972,0.868287657,Porosity
422.4805119,189.4458543,2.185423804,1295.926387,30.24663175,0.870798888,1.103058499,Cracks
399.3038762,232.6626276,1.126695835,675.1231401,85.86981212,0.369490411,1.505842703,Porosity
173.8084077,166.3014031,2.077864944,1172.764614,85.72309374,0.24263027,0.403816202,Cracks
183.7397293,65.03558565,2.28374429,720.5042634,76.46509504,1.375568702,0.931459529,Cracks
248.1888411,190.574204,1.367634839,718.2075346,14.6695114,1.248710506,1.073131236,Uneven Surface
293.8091941,289.4063211,2.319886288,1374.071773,69.03228469,1.164048863,1.173488715,Porosity
347.3019086,93.82573559,1.254636108,749.6689527,94.50240646,0.168272846,1.673049155,None
247.5654558,222.5012227,2.428156833,763.2473465,68.25404788,1.28122031,0.509020751,Uneven Surface
285.0138865,100.2334222,0.678579049,500.6533908,33.16168491,0.713261706,1.654096613,Uneven Surface
398.9883753,183.9569211,1.874038533,1370.669034,50.05793174,0.579353173,1.44718117,None
114.6732812,74.16911241,1.487628081,1292.594813,64.57250434,0.865066905,1.200567466,Cracks
200.9747777,162.5927341,1.275297611,1127.328935,51.05704087,0.22789454,1.459150167,None
385.3398344,239.0408322,1.765423757,1250.265764,11.99529417,1.159305169,0.94163193,Porosity
458.0827351,136.8928811,1.907714183,652.0485674,31.20640447,0.915409108,0.449115655,None
304.6709768,216.2279311,0.508726539,958.3235946,80.23960306,0.361226136,1.398377432,Cracks
312.8453941,248.8624902,0.833906177,851.2193873,86.14180461,0.36352508,1.144410152,None
142.8688045,281.7944549,1.926092101,593.7765263,13.73000327,0.357948112,1.350874641,Cracks
278.9649467,108.6605205,1.832770827,986.1304852,95.23867524,0.179803343,0.808397806,Cracks
313.0469066,149.828979,2.43209501,1420.73965,32.88226178,0.922917829,1.832359839,Porosity
196.9882015,88.10400333,2.022075581,540.0591191,66.23137387,1.276487449,1.257265763,None
207.6972924,298.1208755,2.401545415,791.4609135,75.1825146,0.1244975,0.353724472,None
250.9136652,281.750242,1.905081003,707.5409362,81.19462346,0.168606503,1.009647183,Porosity
108.0284791,184.9892826,1.096104417,738.1466537,94.57497022,0.901878387,1.561440899,Cracks
228.8316662,260.5083236,0.710729845,1408.434552,31.2919548,1.24729396,1.629442211,None
184.5792028,180.2394943,2.063647727,968.0690542,85.85064546,0.557434447,1.090274695,Porosity
230.9989409,205.896422,1.788298443,966.2994129,13.16869034,0.589460158,1.810545627,Cracks
147.9048527,72.28110803,0.596372025,1260.575642,70.50409064,0.934885096,0.681803187,Porosity
456.2109123,238.8176051,1.220100932,654.492204,74.19777295,0.483898045,0.939077655,None
337.4369814,81.92837091,2.413599631,987.2653541,67.77232412,0.137251713,1.817474439,Porosity
371.6409277,256.5169076,1.500802291,929.9852141,25.23147361,1.129319925,1.81326209,Uneven Surface
415.6684954,245.5070219,1.365458272,1096.910691,87.3043147,0.975909878,1.434282984,Cracks
299.3768796,227.1861744,1.41539921,1499.557703,16.88584634,0.913058399,1.746164985,Uneven Surface
134.7681152,59.04009513,0.917765448,1269.448894,5.363479152,1.138357781,0.359791881,Uneven Surface
314.8426167,125.782089,1.237414342,897.865703,71.74649906,1.045323173,1.756990957,Cracks
334.7364472,115.7781425,1.239626512,1327.553052,47.54757152,0.388234783,0.777115832,Cracks
398.1757897,140.0341019,0.60471004,670.7083633,84.909802,0.593473466,0.520996722,Porosity
272.6638185,71.91068669,2.035135257,530.4636863,38.33971411,0.276554198,0.630865705,Cracks
151.0321211,284.2394558,1.333008864,704.4483725,16.82785885,0.281799819,0.952343314,Uneven Surface
213.5103623,188.4505602,2.144359774,840.4115561,83.64421925,1.046674045,0.652145608,Uneven Surface
245.2329186,126.3810777,2.200696002,1010.580757,54.89096316,1.30204015,0.777021655,None
358.3668965,149.2453793,0.923988109,1115.129141,18.91957924,1.447825617,0.442961275,Cracks
328.3113219,161.8006351,1.814706964,1410.605717,72.03839986,0.979685965,0.733118178,Uneven Surface
242.4386904,200.1485833,1.444563608,1009.85401,51.11136385,0.357741853,1.230110866,None
494.6060995,178.9198569,2.260313476,1001.275645,60.43129822,0.247910484,0.995336675,None
342.3099277,279.8479933,0.931481358,550.2430098,46.08983382,1.23799136,0.82409377,Porosity
194.8907167,174.2408707,1.855626401,534.9115527,82.87089838,0.910259067,1.543613832,Uneven Surface
140.712989,298.0395037,1.715504245,1051.159962,82.95627157,0.965599029,1.808317949,Porosity
161.1436557,262.8562394,1.090602955,938.1786132,70.93888218,1.194046924,1.562220601,Uneven Surface
198.3830914,102.1276286,0.773201807,1339.180395,10.54013774,1.084588119,0.797601264,Porosity
164.2725493,282.6488037,1.803279521,660.6795847,83.88538619,1.268241554,1.539995902,Porosity
174.6268096,79.09159947,1.977194916,524.9716621,67.10129805,0.178699468,0.473564328,Cracks
214.0380675,254.3624271,1.131254688,949.0387679,69.7024166,1.146528891,0.434572379,Porosity
169.3494381,145.1558234,1.789665208,737.4785568,36.29828404,1.29119386,0.822128667,Cracks
458.7061699,269.4935801,1.290261815,549.6143733,87.92795562,0.500589059,1.653864264,None
132.0934983,267.0141725,1.926413767,1224.598287,72.53716002,0.996626184,0.643426845,Uneven Surface
309.8045558,251.48135,0.89843055,611.593,11.25904665,0.539826889,0.313856136,None
264.1587308,247.5076091,2.280430005,1108.3195,40.77780344,1.441159493,0.437077163,Uneven Surface
492.9514468,126.1697848,1.074819193,781.0497502,88.6380362,0.146793001,1.745740943,None
144.8155609,70.22982076,1.235571976,673.4960504,4.71967017,0.911709981,1.340809913,Uneven Surface
259.1422396,150.7450447,0.616183904,879.7515229,96.14166196,0.333104966,0.655762094,Porosity
487.7881733,93.38112875,0.723024425,1301.445776,67.91625683,1.097108287,1.199532486,Uneven Surface
446.2028504,223.7377722,1.531723805,892.0935769,63.13759776,0.346246397,1.14964332,Uneven Surface
426.8288284,136.5249316,1.035185353,1250.769649,27.05592565,0.429536567,1.379784761,None
203.1611308,293.9025502,2.170960451,625.4862968,24.87917887,0.792119135,0.619737598,None
168.355035,210.2430193,0.529386777,1272.77142,94.20582195,1.38076893,1.755925377,None
367.457288,255.6201409,1.258188097,736.9333249,29.82724542,0.396400121,0.756863412,Cracks
471.7503957,83.13116819,1.174691094,1177.39313,77.55052967,0.30193603,1.449436977,Cracks
322.7051572,265.5036206,0.538655262,1065.781555,39.31217982,1.162567565,0.229024363,Uneven Surface
328.6450758,280.6892976,0.748736798,1429.144717,13.92540708,0.800867345,0.870782834,Uneven Surface
211.9916375,171.7654797,1.32728535,887.322518,1.07152977,1.376499157,0.833077672,Porosity
407.7971733,201.5632344,1.485729169,566.1651888,54.4257337,0.30526038,1.178271971,Porosity
174.8174994,241.2024502,1.308579495,519.1554856,97.57788185,1.00429905,0.330925271,Uneven Surface
229.4716946,93.70965682,1.561875357,1326.858561,36.91361938,0.426030805,1.622236473,Cracks
270.1745754,175.6415191,1.69026335,1024.735638,35.7192334,0.3194646,0.592005443,Uneven Surface
303.0441515,149.6657569,0.519847642,1275.244052,34.40916178,1.056801181,1.418668067,Porosity
196.963893,86.59349804,1.428190319,734.4256,52.05438373,0.931158468,1.645781822,Cracks
145.9347299,141.8836056,2.426998482,845.0837455,44.06648834,1.156758442,1.211378521,Cracks
344.248017,67.04307735,1.53806456,530.1038722,87.99146267,0.533247607,1.533589772,Porosity
215.4522213,56.45297674,1.855084535,1461.492325,50.55207917,0.727160319,1.391348562,Uneven Surface
332.4952886,83.79157229,1.123727716,1167.867907,50.77578382,0.667660347,0.839953635,None
161.7450861,290.7787779,2.047982756,1433.205088,13.83715947,1.47772525,1.65594537,Uneven Surface
292.4560407,187.382384,2.045842964,765.4964074,98.27395409,0.509148539,0.730462466,Uneven Surface
313.035773,291.4555403,1.542592095,1111.463611,24.99728909,0.512744134,1.228183252,Porosity
120.7294147,158.1244696,2.452027647,1178.499968,7.336406746,0.596367492,1.54171593,Cracks
234.6417113,127.9540333,0.75110043,817.5497003,66.3146249,0.890431714,0.882120638,Porosity
153.7658708,176.5354657,0.53389533,1348.109235,59.53663702,0.453251842,0.744981694,Uneven Surface
125.3499882,159.8779222,2.040316424,1447.161463,41.5145654,1.381405917,1.026822818,None
495.984093,76.41617107,2.114311075,1384.855118,42.21922339,0.471959791,1.67233429,None
228.941538,210.2065787,0.740414458,1239.066976,78.5063921,1.354142024,1.873859174,None
423.9497783,104.0095456,1.031165666,777.4646797,19.57126401,0.244865089,1.181150143,Porosity
201.8562619,204.8969887,0.535104727,781.6160421,82.02533189,1.019187783,1.39063917,Cracks
372.6010889,212.5502731,1.086617222,1463.36032,64.87471139,1.369779726,1.82589252,Porosity
404.091144,88.00621328,2.046283748,510.2844959,41.89697738,0.336249214,0.377384333,None
338.2554962,65.33740678,1.535921055,1216.049973,45.80286166,1.455657744,0.61774144,Uneven Surface
288.6304754,245.1903965,1.196191186,1206.246163,25.66472072,0.734036705,1.476020011,Cracks
264.7363657,164.9501059,1.24347859,1122.689541,75.21143327,1.424001152,1.682740031,Porosity
239.5473066,64.54094888,0.502707251,1490.108846,51.28747423,1.047548061,1.742652251,Porosity
471.8116577,298.7165793,1.099601055,811.8794358,32.08545427,0.522221618,0.947192918,Cracks
432.2477631,64.44514025,1.792917483,839.9718638,59.60501158,0.363623535,0.360811824,Cracks
486.0107643,223.7588072,2.448388888,578.9394029,99.57344521,0.525229065,0.988006659,Uneven Surface
149.7188894,295.9197313,2.194121654,942.7981365,43.52622797,0.230224373,0.615322262,Cracks
392.3469901,109.7950261,0.547189929,761.0485262,92.06914008,0.301415153,0.724153619,Uneven Surface
475.3361827,85.56234217,2.297121209,843.3867022,34.50168399,0.246524616,1.590081602,None
172.4932265,80.34623486,2.066396827,1334.57179,5.473270692,0.692120961,0.335948755,None
126.5985069,125.8187869,2.060752247,1435.484514,20.42421064,1.213809727,1.689646191,Porosity
396.4482597,75.26145275,1.415991518,685.733072,41.86951433,0.297936976,0.969804354,None
329.7892453,223.0403354,1.296010586,872.5089316,21.96349286,0.282448606,1.272915076,None
436.7315107,65.57294953,1.105831458,1428.630562,0.022703822,1.000800529,0.361374016,Uneven Surface
155.9089507,177.355532,0.631389718,561.8084607,91.50015377,0.376056175,0.807246341,Porosity
418.1069247,299.1742135,0.956470727,592.3605281,84.38794112,0.236654053,0.361461654,Cracks
180.650928,253.4925674,0.99320727,662.7909892,74.22922315,0.333588009,1.930778701,Porosity
165.4623771,203.8048596,1.468154139,1095.212834,16.78145956,1.393223954,1.653070969,None
165.7063192,126.5634052,1.994888813,650.472271,12.03635762,1.250059754,1.027338958,Cracks
425.8298881,205.9739591,1.447619657,1468.076381,6.760474947,0.595690387,0.602484587,Porosity
366.0788883,181.760366,0.615688899,946.7145273,72.40291888,1.018149074,1.880219189,Porosity
309.2261699,156.520846,2.415579602,1001.51796,92.88079607,0.852185943,0.820273872,Porosity
243.5321936,82.67759419,2.385448638,746.6586158,43.05358209,1.047973969,0.489771977,Porosity
450.8802163,271.6510538,2.070379086,970.9602524,11.9140672,1.055739613,1.213695899,Uneven Surface
256.978043,162.4461622,2.482655803,1161.913633,51.23928207,0.980227621,1.898793417,Porosity
426.6397758,98.65562796,1.588964666,1251.177137,34.88319075,0.472541916,0.206894523,None
275.6539634,141.9398377,2.425536701,1253.868083,37.48249243,0.154608989,0.628624718,None
250.7777718,153.5324381,0.651210081,1077.891113,62.13306242,0.737793495,1.889205753,Uneven Surface
285.0719143,256.8844739,1.231361497,1404.359775,71.87181133,1.347363439,0.50795474,Cracks
220.5511497,233.4035951,0.950762536,1317.407847,11.06035989,0.897296162,0.403838213,Cracks
399.0437521,242.3262234,0.891666168,1257.048115,3.559023081,1.265347458,1.226336988,None
301.088156,52.75781611,0.781605898,555.6055217,99.43303027,1.48827408,1.751318882,None
192.8850781,154.0384995,1.744827283,506.8779622,23.27283489,0.329062686,1.058797672,Uneven Surface
459.8298293,170.3360379,2.062643711,712.4472772,5.383052491,1.068488695,1.990215662,Cracks
253.5564885,54.79806921,1.656596799,1163.523594,18.98753291,1.044011003,1.422509059,Cracks
317.4211444,114.9533022,0.793925419,911.1974889,3.895784635,1.471937626,0.333334833,Porosity
462.5888444,240.0724558,2.12224754,902.4062593,39.18108946,1.479841028,1.987097837,Porosity
349.6951984,84.27742643,1.771909414,1384.586888,80.24017845,1.061350056,0.934209626,Porosity
146.7592163,183.8275329,1.276331412,1395.562848,34.12444498,0.441060709,0.717324561,Uneven Surface
475.9328494,103.800468,1.848260591,1409.175264,44.41834069,1.217978173,1.20418253,None
351.0832212,53.03019366,1.019809958,813.8780765,67.55867736,0.249840788,0.747753665,Uneven Surface
233.9622459,110.3003644,1.190384417,1191.055813,50.88940701,1.192979026,0.355623513,Cracks
155.7088291,293.9684387,2.334971686,771.6331813,86.1445686,1.374274574,0.202571018,None
417.6100757,250.384278,1.081009011,690.6098331,86.6035675,0.635966753,1.009250035,Porosity
348.0291024,289.8941611,1.439976536,684.6324573,0.991069549,0.982889413,1.70635416,Uneven Surface
313.3844368,171.963511,2.280282275,842.1076209,77.80463065,0.702199825,1.230167334,Uneven Surface
457.5570332,77.43404967,1.915442701,929.9576198,46.07336002,0.712871077,1.998573138,Porosity
415.4388845,186.9898722,0.624406452,1330.949171,98.88405413,0.534519245,0.716323962,Uneven Surface
160.6699519,163.5943336,0.794606089,619.8910935,48.32320759,1.166981469,0.704819117,Porosity
224.6888271,261.0892707,0.515683182,1234.925847,98.68959454,1.41064719,0.487549028,Cracks
199.3956559,74.5206452,1.76184358,1031.454914,75.45693612,1.417051203,0.495314459,None
397.578517,172.0602843,1.395346851,787.9453427,24.86048846,0.344693799,0.713335873,Cracks
113.4129739,87.51216617,0.768549702,992.8195845,53.83949793,1.32464111,1.627112081,Cracks
327.9558739,131.1689817,2.415868242,799.9420698,99.21356395,1.132404018,1.830362223,Porosity
404.9834743,234.3392693,1.559319448,1096.081955,85.75306078,0.453972361,1.955156905,Uneven Surface
450.7062547,169.0045323,0.983786588,933.8439229,9.736689379,0.194198458,0.618121377,Cracks
236.8326995,143.9720713,1.501207142,664.4055291,70.63719968,0.475196174,1.786335582,Cracks
428.5029219,148.6190696,1.859240665,616.5830746,34.55795859,1.377091531,0.790859161,Cracks
144.2526948,164.8616921,0.652478436,1046.695682,0.698226188,0.986450145,0.40311298,Uneven Surface
438.5809167,246.254136,1.04940763,1402.413033,40.3480969,1.109476525,1.766044866,Uneven Surface
150.9954649,273.0211722,2.113930982,843.9576866,23.47544217,0.460013292,1.344990142,Porosity
258.9149162,288.8336716,1.419329741,1233.000107,81.88692705,1.107143418,0.496515613,Cracks
418.9181463,246.7258466,1.593154284,1158.661355,33.73306088,0.139370109,0.973696264,None
159.9669709,128.8517239,1.365632004,1431.554914,82.7523694,0.625449884,0.717063851,Uneven Surface
191.7005581,222.0336765,0.587799885,1320.981017,0.059793883,0.977454688,1.526230224,Porosity
388.9010274,159.400781,0.83149956,1066.605259,30.781915,0.304535192,1.016149215,Cracks
388.0146146,113.6676555,1.391083277,1157.030498,24.11652143,1.252205004,1.980703901,None
356.4590532,260.2178949,0.918370931,1398.386467,23.35673611,0.429043818,0.298540968,Uneven Surface
377.5793778,59.60658724,0.599958057,899.5187846,6.818661977,1.013193558,0.839027479,None
317.0897773,275.440498,2.187299328,826.7947059,18.71242704,0.667276,1.067420301,Uneven Surface
200.7196236,165.3693662,2.462385058,510.8110836,55.55495699,0.934461034,1.105640399,Porosity
238.2783974,209.3003692,2.086285748,1326.551074,29.13610728,0.250430774,0.76868448,None
172.6390867,214.8384806,2.207569843,1300.9807,41.73947823,0.12367792,1.512632448,Cracks
463.3802245,273.7794352,0.983954261,604.4545181,37.68668803,1.373390198,1.774544732,Cracks
333.3567179,209.1674205,2.421253951,1076.857381,87.5904925,0.477482012,1.889694744,Uneven Surface
260.3405667,203.4833962,0.893851409,963.9816982,90.5298999,1.247547804,1.649168078,Cracks
284.8023215,66.66301014,2.402859621,618.7090955,49.29569717,1.499090421,1.731044355,None
478.9133358,179.6020055,2.489638588,1480.568227,33.01559503,0.396003761,1.190981541,Porosity
161.3405612,87.5422502,1.923445611,714.6958875,10.6800704,0.471239038,1.686598808,Uneven Surface
334.4919328,234.3584422,2.462287464,567.2341801,95.34028794,1.028003703,0.746307036,None
302.3554716,178.0554802,1.639079559,1094.84738,6.02269449,1.451628088,0.917261772,Uneven Surface
344.5816942,220.0569448,1.019083566,1238.866677,29.76502776,1.382140087,0.770443425,Porosity
107.2440735,60.41822515,1.373991771,532.443446,29.80662012,0.804025728,1.041297204,Uneven Surface
448.8495636,71.19800401,1.687121871,1158.717639,32.04012861,1.213154396,0.714043309,Cracks
472.847313,229.080847,0.646163124,1032.291876,16.42868433,0.290044194,1.930900596,Cracks
326.0532734,68.021084,1.744686529,603.2650089,78.31614309,1.468413458,0.76312033,Uneven Surface
378.6603296,67.81418194,2.462355674,672.5238769,12.2497862,1.450094528,0.376480169,Porosity
468.9997525,53.02711881,0.8802153,1067.974297,63.49066592,0.329220541,1.148270899,Porosity
382.8954537,289.1253496,2.085190233,796.3576135,12.38460267,0.519192375,0.302778341,Cracks
161.0156172,234.3770899,2.315797588,1438.315729,7.053563759,0.240216997,0.398977699,Porosity
330.5153441,138.3128521,2.387403186,1318.740229,90.94295037,0.480404638,0.594900901,Uneven Surface
342.6860186,124.1338953,2.420271209,1483.567207,19.01287663,1.242338105,1.03583045,None
269.6522685,137.4258074,1.542919277,759.670839,82.12501546,0.62964185,0.979851678,Uneven Surface
394.5776942,243.6633828,2.454615816,1469.723633,54.46308711,0.223755754,1.639445352,Cracks
473.7468059,215.3426528,2.014620414,931.2338698,7.785651961,0.579115735,1.531054377,Cracks
470.2274052,96.29889197,0.823342872,847.5187953,95.54481914,1.473936668,0.967372929,Cracks
280.3357486,93.52733383,1.453800213,550.349527,24.6961167,0.981557033,0.800667574,Porosity
145.2952183,74.59891243,1.936662351,552.7652579,85.96453454,0.682625325,0.769643811,Uneven Surface
493.9364796,215.0756799,0.994680632,1192.011256,16.88100058,0.333153919,1.593191157,None
435.5592346,241.0931656,1.781230367,957.9289944,85.39428821,1.480647516,0.293730331,Uneven Surface
149.8650725,116.2616071,1.833200958,726.521626,1.322881291,1.249188613,0.223078969,None
468.336753,55.23624026,0.825399488,1113.970306,51.17804566,0.494068223,1.631979905,Uneven Surface
447.9585448,70.54291687,1.630170625,752.8581183,76.94425794,0.198096174,1.058863477,Cracks
307.5352229,291.9650087,2.043253822,1077.631754,93.47955175,0.17927578,0.435586049,None
336.5101743,123.8611944,1.497791329,859.208747,90.92021362,0.268529409,0.624018682,Uneven Surface
259.6010815,242.305787,0.524206234,1323.552227,81.96248695,0.913076017,1.878507116,Porosity
121.9046555,206.1658922,0.518076938,1320.696161,88.81913497,1.40026879,1.747105356,Porosity
234.0788967,145.4849099,1.214058688,977.3503981,19.92196858,0.795440799,1.47761309,Uneven Surface
421.1413794,101.4218155,2.352388137,850.8191093,28.41842957,1.280123675,1.068005415,Cracks
101.8528092,80.34660454,0.957353559,862.5597966,28.89685249,0.724241268,1.136582527,None
233.3996687,203.753242,1.768727378,1305.714526,37.7053931,1.092016964,1.955440164,Uneven Surface
259.2674774,243.6584452,0.944151741,828.1794828,39.33206704,1.124621832,1.938386799,Porosity
314.9582412,210.9760634,1.143339979,709.0593737,54.45553247,0.343549188,0.587484282,None
467.9422466,182.5755333,2.196084179,584.6883419,15.98797634,0.605702483,1.659988219,Porosity
238.5383977,60.48780586,1.957722885,966.6931209,69.12466638,0.992223019,0.555036799,Porosity
238.7812808,292.1221944,0.690798555,982.1320989,16.75665393,0.198975251,0.58436746,Uneven Surface
395.0004992,249.6785479,1.357404042,1340.90871,31.03084821,0.606156263,1.416967461,Porosity
280.8871764,123.2055092,0.558339527,721.2386964,50.33451306,0.848719253,0.929001977,None
189.8419292,294.9925823,1.461780293,880.9912737,79.64405615,1.49471429,1.876779933,Cracks
280.9758065,200.4703974,1.824868023,1308.405739,73.94692332,0.764346988,0.360217523,Uneven Surface
156.3428082,195.6056646,0.737005247,1323.623611,64.55343564,1.24247946,1.120746153,None
170.5547946,237.0182949,1.077769878,884.611076,15.57732606,0.704894199,1.853338755,Uneven Surface
299.3471091,252.942447,1.295673251,959.1240233,54.70453456,1.214947012,1.827404589,Porosity
267.5701798,214.1196518,2.339062049,803.2858908,8.74465018,0.933580722,0.481752584,Porosity
465.9383604,82.02393659,2.486510031,1432.554878,37.73631768,1.341233618,0.85994786,None
244.9575596,134.5668765,0.589822598,618.6437657,41.35165303,0.675319573,1.31441852,None
332.2353401,282.0209101,2.022015847,1433.749423,3.981143945,0.946026188,0.486910793,Cracks
352.9057152,106.153903,1.243448133,1183.866452,27.39880995,0.982026153,1.94243991,None
105.2377826,143.041756,1.284916372,1031.572153,95.56494673,0.684336119,1.846548792,None
365.4149488,158.0192207,2.008529947,532.6590608,95.36326078,0.302036861,0.500510322,Uneven Surface
171.2143867,159.8512474,2.336852864,975.5961918,35.23270543,0.23098317,0.41807983,Porosity
484.428127,203.2348956,2.401857189,907.748105,4.310010895,0.123340171,0.353735269,None
159.4650911,285.7689594,1.654245172,661.218812,17.90949393,1.32294797,1.836998595,Cracks
265.8496495,110.173178,1.214242319,1156.409604,39.22177934,0.431064877,0.548522858,None
134.1398672,80.37534408,2.075098172,1471.150907,94.7779698,0.396109449,0.949312871,Porosity
498.7497007,99.36762246,1.002002767,1062.188811,14.11990635,1.130449561,1.007932458,None
300.8780041,271.7312251,1.628148058,1214.753276,76.35158437,0.548022558,1.27821988,Uneven Surface
338.1540069,211.4527032,1.217156923,568.4504526,10.86825394,0.808462569,0.329123619,Porosity
126.830591,121.4766973,1.813262147,917.6669958,98.12575774,0.327515491,0.608165511,None
399.9841882,253.9867347,0.980797826,616.3584852,38.16164991,1.44364401,1.876682696,Uneven Surface
183.9622372,265.3424991,0.883185891,1112.795836,77.52345389,1.29221396,1.835138193,Porosity
459.2217158,261.6285847,2.336478173,1438.482158,34.25910828,1.309305472,1.606323165,None
182.0558562,279.7316334,0.703607366,1161.777732,62.76688772,0.669483248,0.234922242,Uneven Surface
176.2750883,113.060255,1.511915815,576.8030483,19.20160847,1.167305699,0.788612183,Cracks
114.6198671,238.7604822,0.941705566,854.666205,14.60210193,0.301426618,1.330325724,Uneven Surface
288.826778,165.1348743,0.577859927,1050.663379,93.80641396,0.112066604,0.695342381,Cracks
325.9364533,260.4996382,0.572037637,903.2077561,91.76472779,0.127962106,1.837256051,None
126.2834558,232.1226693,0.850443544,1333.64401,88.74689402,0.921242432,1.341001031,Uneven Surface
410.2110467,244.1118616,2.233540709,1314.671005,62.54334502,0.737552867,0.329432091,Cracks
281.3155339,214.0404594,1.064957488,1111.83102,80.82682112,0.825221488,1.83621006,Porosity
309.7561077,94.35719237,2.400918341,873.4579451,6.903693691,0.110448397,1.923979985,Uneven Surface
276.3050988,186.2567297,1.663244586,755.3363738,33.47890419,0.691761268,0.339882353,None
260.3052244,296.1674349,1.37322838,605.8743182,31.37031248,1.105295426,1.158248423,Porosity
323.8561325,284.3470166,1.660177669,854.8976835,63.5645322,0.719771183,0.746055708,Cracks
162.0960984,60.79343395,1.53339677,913.1725172,35.59577735,1.125106889,0.907110338,Uneven Surface
172.7712522,91.20370393,2.017552508,1175.822925,14.85067816,0.42622655,0.523372192,Uneven Surface
444.7142484,82.93219336,1.064992132,1158.159824,59.64670754,1.238398806,1.240529784,None
478.4461849,231.4949775,1.206100783,570.1081396,81.43839207,0.923803737,1.924362836,Porosity
249.3237265,254.4463325,2.288188605,895.2593154,38.21234945,0.395068339,1.10553068,Uneven Surface
208.2978693,103.3778416,2.392913026,681.7788672,13.22687151,0.431408666,0.349246247,Uneven Surface
357.5998173,176.4631732,2.285116455,656.8127053,19.66881973,0.97924265,1.3160024,Porosity
263.4936684,260.175757,1.338895988,1327.30215,23.74833052,1.26191543,0.81240139,Uneven Surface
110.1545423,233.2003862,2.060731006,541.9152167,29.9897593,0.681878895,1.740665341,Porosity
162.4610389,185.5593014,1.452671467,919.1828759,64.27950705,0.461620601,0.982420667,Porosity
386.3888915,197.5869226,1.495079704,668.2036558,60.09454845,1.31381625,0.547111296,Porosity
363.5695768,177.0901367,0.909360218,1379.330216,69.60798616,1.036975608,0.543990121,None
110.838397,124.3871128,1.682260607,1057.040513,36.25019845,0.727319682,1.583775525,Porosity
188.7888648,191.2554982,0.872271796,731.3806364,82.39976519,0.783060273,0.678057677,Porosity
192.4299186,222.2213255,1.163129398,1002.427287,20.40876612,0.385959055,1.581020109,Cracks
368.7570974,268.330729,2.210060403,1231.48636,46.90407475,0.977523682,0.570597159,Cracks
107.8842151,209.0728385,0.914151618,1458.118009,80.09387215,0.602239515,0.779035464,None
141.6434328,240.2803843,0.64231657,720.4460042,18.01586477,1.493903247,1.03787655,Porosity
419.9664341,90.01790874,0.638015185,1386.181772,10.98631137,0.772256921,1.897752529,Cracks
171.4178648,165.3893686,2.381569041,1434.304114,88.36839677,0.780239849,1.877116565,Cracks
361.0984431,52.33290496,1.513840876,1416.420545,34.29296628,0.892192502,0.572369376,Uneven Surface
195.2731124,111.6697161,1.318824144,1135.414357,68.38701249,1.383458404,0.844794274,Porosity
139.7765571,231.6154288,2.121757162,1129.820654,2.534860426,1.22114534,0.468918899,Cracks
197.2688764,297.9524878,2.171651856,903.2106332,69.00468884,0.731582098,1.117973143,None
388.9067727,74.7945249,1.164382066,1252.397882,31.61013115,1.106178972,1.029048591,Uneven Surface
442.2785872,150.373579,1.887236115,1031.294018,5.574085359,0.920729698,1.821368292,Uneven Surface
432.0879458,250.0177422,2.042245632,1177.438071,60.98127615,0.789313868,1.87400968,Porosity
258.8734118,101.0089087,1.809301374,928.4579038,24.08038161,0.369242082,0.890421304,Porosity
367.2340546,188.7712373,0.80319015,1231.496464,38.68072421,0.749510769,1.085128297,Uneven Surface
181.9937182,233.267824,2.251766167,1324.471518,8.058081229,0.444146022,1.813225248,None
217.2590921,203.9963626,1.578189105,646.4362566,14.71632511,1.38077901,1.652074054,Porosity
458.5343274,97.00618365,1.064944853,1332.929716,29.79772355,0.569569539,0.20658136,Porosity
105.2007694,138.8461422,1.350456371,1040.296532,8.975950056,1.43316962,0.776107216,Uneven Surface
134.2034123,245.9479461,0.575142181,1344.665909,91.08262647,0.846277406,0.959193635,Uneven Surface
183.1545021,188.5566285,0.755733602,931.3017063,0.604704318,0.98416213,0.613489311,Porosity
110.6128815,51.30740339,2.031093501,879.0404854,48.38602189,0.860116622,0.559228909,Cracks
172.574174,240.24769,0.50002327,1415.060733,12.32474581,0.281132864,0.268012112,Porosity
333.2166244,58.82783874,1.333131657,751.1692675,30.76790895,0.626149707,1.358065505,Cracks
268.5698202,236.4334457,1.545020362,1344.212325,92.60595598,0.238804557,0.672518523,Uneven Surface
457.0686844,100.62014,0.60926884,984.0205725,16.16945533,0.972135662,0.294224921,Cracks
426.9774247,289.51837,2.446156326,1014.095443,96.58323197,0.725623873,0.615762759,None
236.7269407,141.9851878,0.952250662,808.4682815,20.5794377,1.18917896,1.643445115,Uneven Surface
203.7693734,131.7329041,1.108397439,1073.042201,74.15661085,0.408658673,1.732680527,Porosity
251.8769633,87.22201258,1.107885025,825.2111963,54.66772649,0.330392482,1.069519241,Porosity
336.117977,126.4010539,0.960833324,539.2694142,88.44787276,0.668865123,0.948927207,Uneven Surface
207.2254563,269.1626905,0.502947644,771.9986053,55.39932555,1.397219537,1.960136648,Uneven Surface
349.6595631,299.0835844,1.958689588,506.3790434,53.45592192,1.094590541,0.561016387,None
263.7646609,142.0773826,2.433691,1478.354787,19.54580004,0.686493075,0.587646709,Uneven Surface
320.8188723,162.1526577,0.948586967,1465.74721,16.62293621,0.824181038,0.725360919,Porosity
274.4506117,230.5177346,1.826094384,895.1552975,91.64891511,0.217898216,0.510963173,None
217.7863038,271.5489451,1.983792654,1228.370854,32.78381989,1.478406255,0.882858077,Porosity
479.3813228,198.2610835,2.196850758,845.8060984,37.2082255,1.032970227,1.839501609,Cracks
405.4423177,147.8814245,1.345258394,1171.093157,75.98236584,0.499565696,1.307626113,Uneven Surface
156.0452703,153.1554602,1.105861811,1305.430043,33.88234824,0.920131752,0.941503788,Cracks
447.3871904,223.9045366,1.150590268,1446.756245,95.20624466,0.253275312,1.88193943,Porosity
294.9724793,50.8045659,1.925242666,900.2122758,73.7927769,1.452171336,0.287235618,Cracks
457.8208908,204.8973344,2.133558933,1283.297983,59.74292426,0.344698983,0.57849712,Cracks
419.9421024,138.8732526,0.863227936,765.9284506,88.08951605,1.007242445,1.218599489,Porosity
270.0854018,248.5493328,1.241882016,1490.332304,4.960590835,0.443636248,1.307994722,Porosity
108.9877233,73.24765996,2.303880393,525.7695988,25.70626922,1.104585936,0.271203512,Uneven Surface
207.4709438,197.0505667,2.113387039,1103.528807,46.50363342,1.187549914,0.925469764,Cracks
316.6536859,170.2432225,2.469716806,1159.505982,22.69785395,1.04278762,1.368477137,None
353.3912879,210.5813815,2.008496519,1188.045557,74.39051873,0.960299244,1.456526984,None
203.1550742,66.21339862,1.286390402,620.3875788,91.92080311,1.349456732,1.348651825,Porosity
155.7424296,194.9959469,1.681275668,1438.529783,42.37701199,0.210077395,0.777013804,Porosity
433.9720947,190.371147,1.822028508,681.1832791,34.21326001,0.563280672,0.368336222,Cracks
493.7608723,190.1650236,0.656911633,1122.753403,96.15507321,0.447602471,0.968802404,Porosity
310.2760729,200.8719166,1.588993918,722.6760791,44.48524328,1.483219547,0.431757987,None
168.6717143,219.1169843,1.918641657,807.216417,48.90484004,0.645145692,1.905722585,Uneven Surface
208.9229306,251.2472499,0.834642608,1046.458542,35.16498723,1.125657779,1.055307559,Uneven Surface
107.3562706,117.45518,2.061263435,917.1934186,90.9548473,1.058615229,0.771066514,Cracks
465.7195226,256.2623525,1.667545561,660.225601,56.89554833,0.396913732,1.579347328,Uneven Surface
147.1004332,174.5639206,2.404443571,670.9364024,76.21745872,0.434596752,1.096307467,Porosity
330.6065902,69.26456978,0.584844596,918.1447882,81.18067184,0.493798389,0.758061243,Porosity
209.6220883,64.63773231,1.030652275,1257.282978,34.18490419,0.67557819,1.661541936,Porosity
321.671201,133.5595797,1.703107759,1397.964647,43.36943313,0.428055092,1.760873872,Porosity
360.5681553,246.2242443,1.093119824,584.1276623,84.84717744,0.127512076,1.411414699,Cracks
431.8967215,226.9202337,1.928848328,893.1039076,36.32553517,1.33115028,0.28453596,Uneven Surface
182.5685087,247.1537412,2.018010565,600.2455637,79.39351335,1.451853764,1.219381184,None
104.3983315,179.3172641,0.705031928,516.5924806,94.09923226,0.578198542,1.573930842,Uneven Surface
154.754252,160.0497495,1.527708928,1161.718683,62.32103731,0.573909631,0.445705422,Porosity
460.0074567,86.86313168,1.517781111,1102.449442,74.16272875,0.109928538,0.611607352,None
449.556031,132.0481884,1.23856154,663.0191138,80.5097312,1.052350964,1.788491189,Cracks
338.9652409,158.5048415,2.365849725,733.8128331,84.50396489,1.255615854,0.236219099,Porosity
340.2067442,72.15010742,2.15501264,523.7077536,39.50533379,0.305251621,1.554908848,Porosity
366.0146698,105.1529882,1.894418764,1334.947206,5.126345918,0.323532889,1.052791927,None
170.1485114,199.5563235,1.928653271,1474.690596,40.18762712,1.20611655,1.004189886,Cracks
465.7647784,233.9157786,1.423432288,635.4595368,67.37562298,0.962807048,0.212773758,None
267.50821,299.5868778,2.341989042,731.4752138,45.03503858,0.162804781,1.674916816,Cracks
253.2554113,283.2783328,1.889190855,1368.409524,74.89631509,0.971565787,0.847684821,Porosity
307.5670821,210.6412999,1.957962123,1426.463798,35.69824295,0.532484812,1.173378136,Uneven Surface
118.7863867,155.3120133,2.223381808,919.6273828,63.47441411,0.616215218,1.419141235,Porosity
166.5133475,209.0443412,1.048143179,550.6224723,18.64198049,1.177623986,1.464733238,Uneven Surface
395.2134466,246.4129045,2.114141808,539.3918337,74.93694366,1.23530927,1.920764106,Uneven Surface
133.1194672,79.58404773,0.890481206,1073.949866,54.56959688,0.660499278,1.156411916,Cracks
341.2608438,152.4762224,1.190683904,892.8951089,20.40643885,1.42601411,0.919495192,None
198.1396439,259.9505714,1.171220909,528.6524276,29.19111735,0.669047805,1.916666528,Cracks
255.7182456,145.958238,2.457050937,1083.252392,74.86087086,1.180570449,1.355798423,Porosity
215.4774947,192.9680678,2.213074447,511.3025366,48.26012357,0.77742817,0.736670641,None
242.2690866,196.9423402,1.902339723,1287.371958,21.60314404,1.356545257,0.427635642,Uneven Surface
387.6183621,96.11906328,1.954113523,806.4328227,96.72711904,1.370865741,1.716598103,Uneven Surface
218.8486862,140.5588604,1.624145589,540.258003,71.51250198,0.222383531,0.851926885,Porosity
326.5618561,133.6278222,2.394181334,1088.352221,95.71348325,1.411090664,1.388845498,None
290.4201609,56.54917713,1.492517506,897.6844144,42.71050454,1.255748778,1.047469555,Porosity
365.4684661,56.04794097,1.26103542,1473.800413,47.51003407,1.207835,0.558073604,Porosity
474.7318957,257.9242609,0.826070674,1044.198663,89.79552162,0.381275876,1.283035896,Cracks
393.0288389,118.2677025,2.072411305,775.239181,52.50493402,1.227166892,0.309229524,Porosity
185.9761514,179.5196916,1.968887864,1209.438865,70.72789119,1.290185829,0.944016428,None
112.473254,124.6813934,1.268710077,771.4920025,25.21728775,0.504810468,1.183906891,Porosity
204.9056177,285.1698113,0.550386828,1404.243291,44.67264687,1.43316411,0.984884553,None
338.0311723,114.8241897,2.177994655,874.7219705,12.34498658,0.169804205,1.547609915,Uneven Surface
120.5703254,157.4142032,0.522835967,1049.868563,20.59800359,0.309872955,1.690264918,Porosity
298.5464989,268.1825626,1.907399559,550.5731038,0.094341527,0.852613593,1.588237533,None
338.7371396,260.4833917,2.440514219,926.121238,3.926505165,0.90610946,0.269863306,Uneven Surface
233.6975563,96.52535446,1.375322656,1332.36354,97.72838232,1.003210117,0.549431787,None
408.3648815,250.6608274,0.96994681,1305.648805,24.23536951,0.123756781,1.165893517,Uneven Surface
142.6393013,164.5467217,1.90974202,724.3185589,66.33107095,1.444513484,1.882679673,Cracks
130.0551127,170.742218,2.134256284,726.079071,83.90996988,0.16242333,1.702922195,Porosity
391.2755025,83.3699931,1.592860632,1317.305312,55.06604592,0.300286734,1.716562115,Porosity
298.1965265,70.15037844,2.434070551,1430.39842,15.31445001,0.119620325,0.745774749,Uneven Surface
375.3609586,231.9848267,0.603337443,595.3609213,72.81164373,0.893601807,0.973006215,Cracks
273.9309354,174.1152881,1.509591197,950.0586394,60.02514101,1.405173637,1.047270705,None
198.5608133,159.2126757,1.936907895,837.454279,73.12505893,1.032326033,0.48326885,Cracks
427.6409271,232.3770572,2.225280942,1370.688455,76.97466229,1.251720456,0.255922634,None
419.7663516,241.3782247,0.858511224,583.5249147,97.54103677,0.118593685,1.904425219,None
377.8785883,89.72704192,2.100006964,711.1259426,57.356328,0.858821418,0.633282654,Porosity
208.8580549,202.5562874,1.605414151,1252.468338,34.16411127,0.743388169,0.631908027,Uneven Surface
336.0922667,83.83852057,1.293107364,551.293849,64.84645569,0.798555122,0.350082297,Porosity
244.3895588,237.8437715,0.763430057,992.5353807,6.844070924,0.201098459,1.871313953,Porosity
136.6328293,214.2387891,2.230591518,942.1070347,89.73973183,1.058209505,1.243526807,Porosity
466.9254302,289.1536553,0.814546416,834.401179,11.93810113,0.804508581,1.400666343,None
154.7274524,67.23950409,1.119575718,894.5723153,32.78428379,1.17120839,1.840838397,Porosity
480.0949415,64.26368029,1.080091064,1029.940587,81.57453806,0.779406888,0.822116304,None
278.4023092,120.5467687,2.242828068,661.3673584,59.73123783,0.309134291,1.31871316,Uneven Surface
